EBELN,EBELP,MATNR,MENGE,MEINS,NETPR,PEINH,WERKS,LGORT,LOEKZ
45100001,0010,M200145,500,HR,205.22,100,P200,L002,
45100001,0020,M200081,150,CS,95.05,100,P200,L001,
45100002,0010,M200176,150,PAL,16.96,1,P300,L002,
45100002,0020,M200038,1000,CS,56.83,1,P100,L002,
45100002,0030,M200057,10,BOX,195.79,1,P200,L003,
45100003,0010,M200126,250,EA,87.55,100,P300,L003,
45100003,0020,M200026,20,EA,79.84,10,P200,L002,
45100004,0010,M200137,300,PAL,220.56,10,P400,L003,
45100004,0020,M200003,250,HR,178.45,1,P200,L002,
45100004,0030,M200069,2000,EA,181.49,1,P200,L003,
45100004,0040,M200181,20,BOX,110.02,1,P400,L003,
45100005,0010,M200134,2000,HR,230.99,1,P300,L003,
45100005,0020,M200079,1000,BOX,78.53,1,P100,L001,
45100005,0030,M200024,300,KG,14.82,1,P400,L001,
45100005,0040,M200109,250,HR,233.14,1,P400,L002,
45100006,0010,M200137,10,HR,101.67,100,P200,L003,X
45100006,0020,M200109,250,HR,187.54,1,P100,L003,
45100006,0030,M200044,2000,HR,220.54,100,P200,L001,
45100007,0010,M200132,5,L,105.97,10,P200,L002,
45100007,0020,M200087,25,HR,208.02,1,P300,L002,
45100007,0030,M200068,5,KG,184.64,100,P400,L001,
45100007,0040,M200165,1500,PAL,223.41,10,P400,L001,
45100008,0010,M200085,100,L,27.24,1,P200,L002,
45100008,0020,M200026,200,BOX,49.79,100,P200,L002,
45100008,0030,M200125,20,EA,192.48,1,P200,L002,
45100008,0040,M200077,150,L,223.1,100,P300,L001,
45100008,0050,M200169,200,CS,40.88,1,P400,L001,
45100009,0010,M200051,25,EA,71.58,1,P400,L002,
45100009,0020,M200009,500,KG,50.15,10,P300,L001,
45100009,0030,M200141,1000,BOX,170.59,1,P300,L002,
45100009,0040,M200190,1500,CS,97.52,1,P100,L001,
45100010,0010,M200004,500,CS,59.51,1,P400,L003,
45100010,0020,M200112,50,BOX,70.91,1,P400,L001,
45100010,0030,M200187,20,PAL,62.74,1,P300,L003,
45100010,0040,M200110,200,KG,176.76,1,P200,L001,
45100010,0050,M200152,500,HR,37.61,1,P200,L002,X
45100010,0060,M200050,150,KG,4.91,1,P100,L001,
45100010,0070,M200135,750,L,158.51,1,P200,L002,
45100011,0010,M200110,1000,HR,308.65,1,P300,L002,
45100011,0020,M200064,500,L,90.42,1,P100,L003,
45100011,0030,M200055,2000,L,288.14,1,P400,L001,
45100011,0040,M200126,500,L,308.7,1,P200,L002,
45100012,0010,M200191,300,CS,132.45,1,P200,L003,
45100012,0020,M200150,10,BOX,221.85,1,P100,L001,
45100012,0030,M200168,25,CS,48.64,10,P100,L001,
45100012,0040,M200159,50,L,181.47,1,P200,L001,
45100013,0010,M200183,2000,L,219.33,100,P300,L002,
45100013,0020,M200184,2000,EA,109.31,10,P400,L003,
45100013,0030,M200129,5,CS,42.15,1,P200,L002,
45100013,0040,M200145,1000,EA,243.13,1,P400,L002,
45100013,0050,M200132,20,EA,109.72,100,P400,L003,
45100014,0010,M200070,20,KG,1.4,100,P200,L003,
45100014,0020,M200132,250,BOX,177.08,100,P300,L002,
45100014,0030,M200076,50,HR,138.26,1,P200,L001,
45100015,0010,M200164,2000,KG,69.8,1,P300,L001,
45100015,0020,M200064,25,CS,133.88,1,P300,L003,
45100016,0010,M200022,2000,HR,137.54,1,P400,L003,
45100016,0020,M200015,1500,HR,3.1,1,P200,L003,
45100017,0010,M200005,500,PAL,244.7,100,P100,L003,
45100017,0020,M200098,50,HR,217.57,100,P200,L002,
45100018,0010,M200149,1000,HR,214.63,10,P200,L002,
45100018,0020,M200186,100,BOX,37.51,10,P100,L002,
45100019,0010,M200046,300,KG,122.88,1,P300,L001,
45100019,0020,M200046,150,CS,172.0,1,P100,L001,
45100019,0030,M200063,2000,BOX,161.46,10,P100,L003,
45100020,0010,M200004,10,PAL,94.78,1,P100,L001,
45100021,0010,M200012,25,KG,192.64,1,P200,L003,
45100021,0020,M200003,10,CS,135.82,1,P100,L001,
45100021,0030,M200195,2000,PAL,111.36,1,P300,L002,
45100021,0040,M200063,250,EA,173.16,100,P100,L001,
45100022,0010,M200076,250,EA,221.67,10,P200,L001,
45100022,0020,M200007,150,KG,96.65,1,P300,L001,
45100022,0030,M200176,500,BOX,221.11,1,P400,L001,
45100023,0010,M200073,10,L,154.12,1,P300,L001,
45100023,0020,M200155,20,KG,107.44,1,P200,L003,
45100023,0030,M200171,50,HR,156.38,1,P300,L001,
45100024,0010,M200095,1000,L,226.79,1,P100,L001,
45100024,0020,M200038,20,L,97.95,10,P100,L001,
45100024,0030,M200187,20,L,23.07,1,P200,L002,
45100024,0040,M200127,200,BOX,173.51,10,P300,L001,
45100025,0010,M200063,150,BOX,137.56,100,P400,L003,
45100025,0020,M200059,10,BOX,145.45,10,P200,L003,
45100025,0030,M200093,25,EA,248.48,1,P300,L003,
45100026,0010,M200029,2000,EA,87.66,1,P300,L002,
45100026,0020,M200142,25,BOX,53.08,1,P100,L003,
45100026,0030,M200179,20,HR,94.68,1,P400,L002,
45100027,0010,M200149,200,EA,209.44,1,P100,L001,
45100027,0020,M200021,10,KG,3.61,10,P200,L001,
45100027,0030,M200036,250,HR,174.79,1,P400,L002,
45100028,0010,M200166,5,HR,72.05,1,P100,L003,X
45100028,0020,M200193,250,KG,40.51,10,P400,L003,
45100028,0030,M200117,750,PAL,207.46,100,P300,L003,
45100029,0010,M200070,250,EA,94.7,1,P200,L002,
45100029,0020,M200057,20,BOX,205.71,100,P100,L003,
45100029,0030,M200081,500,HR,101.57,10,P200,L001,
45100029,0040,M200166,25,BOX,67.84,1,P100,L002,
45100030,0010,M200008,50,KG,41.11,1,P100,L001,
45100030,0020,M200194,25,L,138.15,1,P200,L002,
45100031,0010,M200012,1000,PAL,121.21,1,P300,L001,
45100031,0020,M200003,1000,L,70.96,10,P200,L002,
45100031,0030,M200186,20,L,175.81,1,P300,L002,
45100031,0040,M200129,250,EA,201.97,1,P100,L003,
45100031,0050,M200123,1500,PAL,213.08,1,P200,L001,
45100032,0010,M200161,750,EA,246.83,1,P200,L003,
45100032,0020,M200187,3000,PAL,494.79,1,P400,L001,
45100033,0010,M200111,2000,EA,178.33,10,P200,L001,
45100033,0020,M200156,20,EA,141.94,10,P100,L001,
45100033,0030,M200080,1500,PAL,242.25,1,P400,L001,
45100033,0040,M200044,20,L,17.51,100,P300,L002,
45100034,0010,M200198,50,BOX,246.54,1,P400,L003,
45100035,0010,M200146,5,BOX,91.19,1,P400,L002,
45100035,0020,M200175,200,KG,92.0,100,P300,L002,
45100035,0030,M200106,200,PAL,66.08,1,P100,L003,
45100036,0010,M200144,20,EA,213.34,1,P400,L001,
45100036,0020,M200019,150,KG,218.6,1,P300,L002,
45100036,0030,M200137,200,CS,27.73,1,P100,L002,
45100036,0040,M200052,100,BOX,16.59,1,P400,L001,
45100036,0050,M200122,50,EA,113.92,100,P200,L002,
45100037,0010,M200146,300,EA,193.66,1,P300,L002,
45100038,0010,M200055,5,CS,238.18,10,P300,L002,
45100038,0020,M200022,10,KG,68.84,1,P300,L003,
45100038,0030,M200108,25,PAL,167.58,1,P200,L001,
45100038,0040,M200110,1000,L,74.58,1,P300,L002,
45100039,0010,M200042,150,HR,89.0,100,P400,L001,
45100039,0020,M200153,10,KG,180.82,100,P200,L002,
45100039,0030,M200188,1500,HR,184.31,1,P100,L001,
45100040,0010,M200128,100,CS,28.84,10,P300,L003,
45100040,0020,M200116,1500,CS,31.87,10,P100,L001,
45100040,0030,M200049,750,BOX,136.75,1,P400,L001,
45100041,0010,M200174,5,PAL,92.88,1,P100,L002,
45100041,0020,M200129,1500,CS,31.62,10,P400,L002,
45100041,0030,M200091,250,CS,106.75,1,P100,L001,
45100041,0040,M200096,250,KG,148.93,100,P400,L002,
45100042,0010,M200175,500,BOX,71.17,100,P100,L001,
45100043,0010,M200167,300,EA,233.16,1,P400,L003,
45100043,0020,M200140,500,EA,111.3,100,P100,L003,
45100043,0030,M200108,25,KG,194.33,100,P400,L001,
45100044,0010,M200032,1000,L,228.55,10,P400,L001,
45100044,0020,M200058,50,PAL,67.27,1,P300,L002,
45100045,0010,M200107,3000,EA,72.31,1,P300,L002,
45100045,0020,M200147,1500,BOX,522.38,1,P400,L001,
45100045,0030,M200148,1500,BOX,848.48,1,P400,L002,
45100045,0040,M200112,750,KG,653.52,100,P100,L003,
45100045,0050,M200101,1000,CS,583.22,100,P200,L002,
45100046,0010,M200112,500,EA,192.62,1,P100,L003,
45100046,0020,M200021,150,PAL,6.81,1,P400,L003,
45100046,0030,M200092,25,KG,163.3,1,P300,L001,
45100046,0040,M200063,1000,HR,201.87,10,P300,L003,
45100046,0050,M200022,500,KG,6.27,100,P100,L001,
45100047,0010,M200028,50,KG,65.87,1,P100,L001,
45100047,0020,M200093,25,CS,98.0,10,P100,L002,
45100048,0010,M200020,500,KG,105.27,1,P400,L001,
45100048,0020,M200003,500,KG,142.04,100,P100,L001,
45100048,0030,M200089,300,BOX,150.2,1,P200,L003,
45100049,0010,M200050,5,PAL,134.22,100,P200,L001,
45100049,0020,M200030,5,KG,82.22,1,P100,L003,
45100049,0030,M200033,50,L,120.65,1,P300,L003,
45100050,0010,M200191,200,CS,109.3,10,P200,L002,
45100050,0020,M200176,2000,CS,179.49,10,P100,L003,
45100051,0010,M200043,25,CS,238.46,10,P400,L002,
45100052,0010,M200082,10,PAL,152.02,10,P200,L003,
45100053,0010,M200017,20,BOX,222.42,100,P300,L003,
45100054,0010,M200166,100,PAL,99.88,1,P200,L002,
45100054,0020,M200048,25,L,18.62,1,P300,L001,
45100054,0030,M200032,100,EA,172.23,1,P200,L002,
45100054,0040,M200083,250,KG,17.03,1,P200,L003,
45100054,0050,M200144,750,L,152.17,1,P400,L003,
45100054,0060,M200082,100,CS,49.94,1,P400,L002,
45100054,0070,M200071,10,BOX,31.46,1,P300,L003,
45100055,0010,M200073,500,EA,195.93,100,P100,L002,
45100055,0020,M200104,2000,EA,133.6,100,P100,L002,
45100056,0010,M200025,1000,CS,402.82,1,P300,L002,
45100056,0020,M200143,500,CS,469.75,10,P300,L003,
45100056,0030,M200127,500,CS,872.08,1,P100,L001,
45100056,0040,M200003,3000,KG,894.51,10,P200,L001,
45100056,0050,M200186,2000,CS,743.73,1,P100,L002,
45100057,0010,M200013,2500,L,274.17,100,P400,L002,
45100057,0020,M200036,1000,PAL,151.92,1,P400,L003,
45100058,0010,M200136,300,KG,119.74,10,P300,L002,
45100058,0020,M200124,10,KG,66.32,1,P100,L002,
45100058,0030,M200063,500,HR,183.95,1,P100,L001,
45100059,0010,M200004,1500,HR,447.93,1,P400,L001,
45100059,0020,M200152,1000,CS,486.84,1,P400,L003,
45100059,0030,M200130,1000,EA,160.55,10,P400,L003,
45100059,0040,M200200,1500,BOX,108.34,1,P300,L003,
45100060,0010,M200028,10,HR,60.52,10,P200,L002,X
45100060,0020,M200170,200,PAL,88.31,1,P100,L002,
45100061,0010,M200129,250,BOX,83.77,10,P300,L002,
45100061,0020,M200167,750,BOX,232.04,1,P300,L001,
45100061,0030,M200153,250,L,152.06,100,P400,L001,
45100062,0010,M200029,10,KG,13.76,1,P300,L001,
45100062,0020,M200026,25,L,220.71,10,P400,L002,
45100062,0030,M200188,2000,CS,173.08,10,P200,L001,
45100063,0010,M200074,300,HR,72.35,1,P100,L001,
45100063,0020,M200180,200,PAL,184.9,1,P200,L002,
45100063,0030,M200043,100,KG,225.02,1,P100,L003,
45100064,0010,M200046,2000,L,19.71,1,P300,L002,
45100064,0020,M200126,25,CS,118.41,1,P100,L003,
45100064,0030,M200075,25,CS,131.55,1,P200,L001,
45100065,0010,M200086,200,BOX,183.84,100,P300,L003,
45100065,0020,M200094,5,BOX,207.02,1,P300,L003,
45100065,0030,M200153,10,BOX,67.85,100,P100,L001,
45100066,0010,M200169,100,KG,124.71,1,P400,L002,
45100066,0020,M200023,2000,KG,238.73,1,P300,L003,
45100066,0030,M200116,20,PAL,66.69,1,P300,L002,
45100066,0040,M200071,25,L,10.75,100,P300,L003,
45100066,0050,M200117,1000,PAL,198.19,1,P100,L001,
45100066,0060,M200176,200,KG,170.39,100,P300,L003,
45100067,0010,M200125,10,L,200.05,1,P400,L001,
45100067,0020,M200152,5,EA,122.35,1,P400,L002,
45100067,0030,M200001,50,EA,34.86,1,P200,L001,
45100067,0040,M200037,25,HR,108.3,1,P300,L001,X
45100067,0050,M200091,1000,KG,169.79,10,P400,L002,
45100067,0060,M200026,2000,L,75.85,1,P200,L003,
45100067,0070,M200083,300,CS,35.22,1,P300,L001,
45100067,0080,M200052,50,L,21.86,100,P400,L003,
45100068,0010,M200112,20,EA,131.88,1,P300,L002,
45100068,0020,M200120,150,BOX,115.59,100,P100,L002,
45100068,0030,M200036,2000,PAL,75.95,1,P300,L001,
45100069,0010,M200076,1000,EA,211.35,1,P400,L003,X
45100069,0020,M200196,250,CS,115.33,1,P100,L001,
45100069,0030,M200167,100,EA,148.79,1,P400,L003,
45100070,0010,M200190,2500,PAL,484.2,1,P200,L003,
45100070,0020,M200190,2500,BOX,240.01,1,P300,L003,
45100070,0030,M200002,750,CS,580.11,1,P100,L001,
45100070,0040,M200031,500,PAL,260.13,10,P100,L003,
45100071,0010,M200032,750,L,461.16,1,P300,L003,
45100071,0020,M200169,2500,PAL,417.5,1,P200,L001,
45100071,0030,M200169,2500,KG,484.79,100,P200,L002,
45100072,0010,M200026,200,PAL,92.15,1,P400,L002,
45100072,0020,M200028,150,BOX,203.47,1,P100,L002,
45100072,0030,M200145,5,BOX,145.34,1,P400,L001,
45100072,0040,M200091,200,KG,220.66,10,P300,L001,
45100072,0050,M200092,1500,PAL,215.33,1,P300,L003,
45100073,0010,M200045,20,HR,88.29,100,P300,L002,
45100073,0020,M200036,1000,L,190.77,1,P400,L001,
45100073,0030,M200166,150,BOX,240.66,100,P200,L003,
45100074,0010,M200169,50,PAL,32.79,1,P300,L003,
45100074,0020,M200104,5,EA,7.87,1,P200,L001,
45100074,0030,M200128,200,HR,81.25,1,P200,L001,
45100074,0040,M200045,2000,HR,96.33,10,P100,L001,
45100075,0010,M200192,200,EA,190.96,100,P100,L001,
45100075,0020,M200179,150,BOX,33.74,100,P200,L001,
45100075,0030,M200113,50,HR,56.76,1,P400,L003,
45100076,0010,M200150,500,EA,239.98,1,P200,L001,
45100076,0020,M200002,1000,L,102.3,100,P100,L002,
45100077,0010,M200187,250,HR,124.3,1,P400,L003,
45100077,0020,M200159,1500,PAL,34.9,1,P400,L002,
45100077,0030,M200019,10,PAL,32.23,100,P300,L001,
45100078,0010,M200154,100,PAL,6.12,1,P300,L002,
45100078,0020,M200018,1500,CS,39.89,1,P100,L003,
45100079,0010,M200157,50,PAL,100.11,1,P100,L003,
45100079,0020,M200068,5,HR,8.55,10,P300,L001,
45100080,0010,M200036,250,KG,204.28,1,P100,L001,
45100080,0020,M200145,750,PAL,208.83,1,P300,L001,
45100080,0030,M200154,300,HR,232.38,100,P400,L001,
45100081,0010,M200010,1000,BOX,241.46,10,P400,L002,
45100081,0020,M200059,3000,EA,97.05,1,P400,L003,
45100081,0030,M200005,3000,PAL,94.32,10,P200,L002,
45100082,0010,M200030,10,BOX,224.34,1,P300,L001,
45100082,0020,M200015,25,KG,23.45,1,P200,L002,
45100082,0030,M200138,5,PAL,247.74,1,P200,L001,
45100082,0040,M200033,20,BOX,71.01,1,P300,L003,
45100083,0010,M200075,300,KG,99.76,1,P100,L001,
45100083,0020,M200140,200,KG,176.46,1,P200,L002,
45100084,0010,M200200,50,PAL,217.31,1,P300,L002,
45100084,0020,M200129,5,EA,86.99,10,P400,L002,
45100084,0030,M200036,250,CS,58.02,100,P200,L001,
45100084,0040,M200037,25,EA,174.74,10,P100,L001,
45100084,0050,M200009,50,L,147.27,1,P100,L001,
45100085,0010,M200127,1500,EA,95.96,10,P100,L001,
45100085,0020,M200048,150,HR,133.36,1,P100,L003,
45100085,0030,M200007,1000,PAL,223.35,1,P200,L001,
45100085,0040,M200160,1500,BOX,107.17,1,P100,L003,
45100086,0010,M200174,1500,L,247.73,100,P400,L002,
45100086,0020,M200146,250,CS,65.4,10,P400,L003,
45100086,0030,M200061,2000,KG,4.29,1,P100,L001,
45100087,0010,M200147,5,BOX,154.08,1,P300,L003,
45100087,0020,M200168,1000,CS,152.2,1,P300,L003,
45100087,0030,M200068,20,CS,111.23,1,P400,L001,
45100087,0040,M200092,500,BOX,211.16,1,P400,L001,
45100088,0010,M200157,1500,PAL,860.3,1,P300,L002,
45100088,0020,M200127,750,KG,585.79,100,P100,L001,
45100088,0030,M200010,1500,KG,480.71,100,P300,L001,
45100088,0040,M200059,1000,EA,893.18,1,P300,L003,
45100089,0010,M200090,10,EA,126.98,1,P100,L001,
45100090,0010,M200175,10,BOX,160.65,1,P200,L001,
45100090,0020,M200093,150,L,224.4,1,P400,L002,
45100090,0030,M200042,5,L,73.07,1,P100,L001,
45100090,0040,M200081,750,PAL,195.33,100,P300,L001,
45100091,0010,M200169,20,HR,95.58,1,P100,L001,
45100092,0010,M200162,750,PAL,104.81,1,P100,L003,
45100092,0020,M200135,200,PAL,79.58,1,P300,L001,
45100092,0030,M200197,25,L,114.23,1,P200,L002,
45100092,0040,M200105,10,L,88.32,100,P100,L002,
45100092,0050,M200155,200,KG,196.68,1,P200,L003,
45100093,0010,M200173,500,PAL,34.97,1,P300,L002,
45100093,0020,M200021,150,BOX,126.5,1,P400,L003,
45100093,0030,M200051,2000,KG,113.79,1,P100,L002,
45100094,0010,M200121,10,HR,32.04,1,P400,L001,
45100094,0020,M200019,250,KG,216.79,10,P400,L002,
45100094,0030,M200179,25,PAL,178.14,1,P300,L002,
45100094,0040,M200158,750,EA,11.79,1,P400,L002,
45100095,0010,M200112,1000,L,119.54,1,P200,L003,
45100095,0020,M200131,20,EA,223.95,100,P300,L003,
45100096,0010,M200113,250,KG,180.77,1,P100,L001,
45100096,0020,M200088,300,EA,129.66,100,P400,L002,
45100097,0010,M200046,5,KG,203.59,1,P400,L003,
45100097,0020,M200158,10,L,87.16,1,P100,L002,
45100098,0010,M200044,2000,L,65.23,100,P100,L001,
45100098,0020,M200037,25,EA,138.26,100,P200,L001,
45100098,0030,M200011,250,PAL,199.85,1,P400,L001,
45100098,0040,M200073,150,PAL,183.16,100,P200,L002,
45100099,0010,M200181,10,CS,111.38,10,P400,L002,
45100099,0020,M200036,750,L,167.34,1,P100,L003,
45100099,0030,M200187,100,EA,39.6,1,P300,L002,
45100099,0040,M200132,1000,HR,18.99,1,P100,L002,
45100100,0010,M200134,25,L,210.44,1,P100,L001,
45100100,0020,M200097,25,CS,168.5,1,P400,L001,
45100100,0030,M200048,200,HR,71.01,1,P100,L003,
45100100,0040,M200192,5,KG,108.86,10,P200,L003,
45100100,0050,M200108,50,HR,153.54,100,P200,L003,
45100101,0010,M200047,1500,L,58.36,1,P400,L002,
45100101,0020,M200101,100,PAL,136.08,1,P100,L001,
45100102,0010,M200194,50,CS,105.19,10,P300,L001,
45100102,0020,M200030,200,KG,239.1,1,P300,L003,
45100102,0030,M200033,2000,CS,121.19,10,P400,L003,
45100103,0010,M200130,2000,KG,212.82,10,P100,L003,
45100103,0020,M200067,100,HR,103.1,10,P400,L002,
45100103,0030,M200014,200,L,182.18,1,P100,L002,
45100103,0040,M200057,2000,PAL,42.05,1,P100,L003,
45100104,0010,M200139,750,EA,5.77,10,P100,L003,
45100104,0020,M200091,1000,CS,138.45,1,P200,L002,
45100104,0030,M200041,250,CS,99.18,1,P300,L001,
45100104,0040,M200085,25,BOX,138.46,1,P100,L001,
45100105,0010,M200135,250,EA,99.79,10,P100,L001,
45100105,0020,M200007,500,KG,193.22,1,P100,L002,
45100105,0030,M200097,150,HR,33.23,1,P100,L001,
45100105,0040,M200185,1000,HR,183.29,1,P100,L003,
45100106,0010,M200039,750,EA,147.25,10,P200,L003,
45100106,0020,M200083,250,BOX,186.0,1,P300,L002,
45100106,0030,M200068,300,HR,118.11,1,P400,L001,
45100107,0010,M200072,50,BOX,226.96,100,P200,L002,X
45100107,0020,M200128,150,HR,237.89,100,P100,L002,
45100108,0010,M200102,25,CS,112.05,10,P100,L003,
45100108,0020,M200037,500,CS,243.97,1,P200,L001,
45100108,0030,M200126,25,PAL,21.43,10,P400,L003,
45100109,0010,M200060,1000,EA,123.61,10,P300,L003,
45100109,0020,M200039,100,EA,172.4,100,P400,L001,
45100109,0030,M200054,250,CS,198.78,100,P400,L002,
45100110,0010,M200119,200,HR,128.85,1,P100,L002,
45100110,0020,M200097,1000,KG,3.9,100,P100,L001,
45100111,0010,M200030,2000,EA,106.33,1,P400,L001,
45100111,0020,M200141,150,BOX,2.81,1,P400,L002,
45100111,0030,M200174,250,L,80.94,1,P200,L001,
45100111,0040,M200176,1000,KG,153.69,1,P300,L002,
45100112,0010,M200192,1500,HR,232.0,1,P400,L001,
45100112,0020,M200046,200,KG,17.23,1,P300,L003,
45100112,0030,M200178,250,EA,114.92,1,P100,L003,
45100112,0040,M200041,100,EA,159.27,1,P300,L003,X
45100113,0010,M200073,2000,CS,217.09,100,P300,L002,
45100113,0020,M200104,250,L,135.48,1,P100,L003,
45100114,0010,M200072,50,KG,141.13,1,P400,L002,
45100114,0020,M200152,50,PAL,241.68,100,P400,L001,
45100114,0030,M200060,10,KG,232.42,100,P200,L001,
45100114,0040,M200001,10,L,224.04,1,P200,L003,
45100115,0010,M200121,50,L,125.34,1,P200,L003,
45100115,0020,M200199,750,BOX,118.88,1,P300,L003,
45100116,0010,M200055,500,KG,208.48,1,P400,L003,
45100117,0010,M200065,10,HR,139.7,10,P300,L001,X
45100118,0010,M200120,500,CS,86.82,10,P200,L003,
45100118,0020,M200049,100,BOX,45.16,1,P200,L002,
45100118,0030,M200050,300,EA,77.94,1,P300,L002,
45100119,0010,M200070,1500,EA,283.71,10,P100,L003,
45100119,0020,M200071,3000,HR,875.47,1,P400,L003,
45100119,0030,M200126,2500,KG,687.45,100,P100,L001,
45100119,0040,M200157,750,HR,649.79,1,P100,L002,
45100120,0010,M200114,750,HR,16.05,1,P300,L001,
45100120,0020,M200189,100,EA,209.4,1,P200,L003,
45100120,0030,M200094,5,PAL,235.17,10,P400,L003,
45100121,0010,M200195,500,PAL,669.61,1,P400,L001,
45100121,0020,M200051,2500,HR,397.86,1,P300,L002,
45100121,0030,M200031,2500,L,532.95,1,P400,L001,
45100122,0010,M200187,20,EA,79.72,1,P200,L001,
45100122,0020,M200096,10,BOX,219.36,1,P300,L003,
45100122,0030,M200049,1000,HR,184.66,1,P100,L002,
45100122,0040,M200046,20,L,141.48,10,P200,L001,
45100123,0010,M200076,750,L,110.18,1,P400,L002,
45100123,0020,M200090,500,CS,131.0,1,P100,L003,
45100124,0010,M200054,150,HR,87.06,1,P200,L002,
45100124,0020,M200129,1500,PAL,185.91,1,P100,L003,
45100125,0010,M200120,5,L,230.52,100,P200,L002,
45100125,0020,M200151,100,L,141.16,100,P100,L002,
45100125,0030,M200162,1500,L,225.31,1,P400,L002,
45100125,0040,M200166,20,EA,228.33,1,P200,L002,
45100126,0010,M200113,300,CS,114.38,100,P400,L003,
45100126,0020,M200063,750,L,93.62,1,P400,L003,
45100126,0030,M200011,1000,KG,233.72,100,P100,L002,
45100127,0010,M200148,300,BOX,7.62,100,P200,L002,
45100127,0020,M200179,25,PAL,237.9,100,P200,L001,
45100127,0030,M200014,50,EA,198.32,1,P300,L002,
45100127,0040,M200118,500,EA,37.3,1,P300,L002,
45100128,0010,M200053,10,BOX,181.17,1,P300,L001,
45100128,0020,M200089,200,EA,137.68,10,P200,L002,
45100128,0030,M200119,25,HR,190.88,1,P400,L001,
45100128,0040,M200035,1000,BOX,82.11,1,P400,L003,
45100128,0050,M200019,200,L,167.63,100,P100,L001,
45100128,0060,M200046,25,CS,92.6,1,P100,L003,
45100128,0070,M200102,500,EA,57.9,10,P200,L001,
45100128,0080,M200112,100,EA,96.32,1,P400,L001,
45100129,0010,M200124,50,EA,239.65,10,P200,L001,
45100129,0020,M200133,10,CS,116.5,1,P300,L003,
45100129,0030,M200168,150,CS,200.99,1,P200,L002,
45100130,0010,M200176,5,BOX,121.79,10,P400,L001,
45100130,0020,M200067,500,HR,29.43,10,P300,L002,
45100130,0030,M200137,10,L,196.48,10,P400,L003,
45100130,0040,M200002,2000,L,177.04,1,P200,L003,
45100131,0010,M200117,5,BOX,116.46,1,P100,L002,
45100131,0020,M200013,500,PAL,92.64,10,P300,L003,
45100131,0030,M200007,50,PAL,45.09,1,P400,L001,
45100131,0040,M200077,5,HR,149.15,1,P100,L003,
45100131,0050,M200064,10,KG,133.98,1,P200,L003,
45100131,0060,M200071,200,L,172.4,1,P400,L001,
45100132,0010,M200038,750,PAL,159.63,1,P400,L003,
45100132,0020,M200021,2000,L,159.37,1,P400,L002,X
45100132,0030,M200192,750,L,163.4,1,P400,L001,
45100132,0040,M200147,50,L,154.09,100,P200,L003,
45100132,0050,M200096,200,PAL,54.19,10,P300,L003,
45100133,0010,M200129,5,HR,151.35,1,P300,L002,X
45100133,0020,M200054,1000,EA,103.87,1,P300,L002,
45100134,0010,M200163,10,L,55.72,1,P300,L001,
45100134,0020,M200074,750,HR,152.52,10,P400,L003,
45100134,0030,M200139,200,BOX,232.5,1,P300,L002,
45100135,0010,M200039,1500,BOX,185.77,1,P200,L003,
45100135,0020,M200104,500,EA,213.15,1,P400,L003,
45100136,0010,M200192,100,PAL,76.36,1,P400,L003,
45100137,0010,M200150,300,KG,88.23,10,P400,L001,
45100137,0020,M200073,750,PAL,122.94,1,P400,L003,
45100138,0010,M200032,150,EA,54.97,1,P300,L001,
45100138,0020,M200197,750,CS,244.73,100,P400,L002,
45100138,0030,M200108,50,PAL,80.19,1,P100,L003,
45100138,0040,M200163,500,CS,79.78,100,P400,L001,
45100138,0050,M200127,200,CS,71.93,10,P200,L001,
45100139,0010,M200086,2500,CS,607.76,1,P400,L003,
45100140,0010,M200106,500,KG,7.75,1,P200,L003,
45100140,0020,M200021,300,PAL,183.17,1,P300,L003,
45100140,0030,M200146,200,HR,171.25,1,P100,L003,
45100140,0040,M200168,250,BOX,128.08,1,P200,L002,
45100141,0010,M200045,2000,BOX,178.34,1,P300,L001,
45100141,0020,M200008,300,KG,115.56,1,P400,L001,
45100141,0030,M200119,500,PAL,28.23,100,P300,L001,
45100141,0040,M200185,5,EA,187.28,10,P400,L002,
45100141,0050,M200107,2000,L,179.14,1,P100,L002,
45100142,0010,M200075,150,CS,207.16,1,P300,L002,
45100142,0020,M200131,500,HR,110.29,1,P100,L001,
45100143,0010,M200149,1000,CS,28.39,1,P300,L002,
45100143,0020,M200037,1000,KG,120.91,1,P100,L002,
45100143,0030,M200019,2000,BOX,177.42,1,P300,L002,
45100143,0040,M200114,1000,L,112.87,1,P300,L003,X
45100144,0010,M200134,5,L,55.64,1,P300,L003,
45100144,0020,M200184,300,KG,158.66,10,P400,L003,
45100144,0030,M200191,750,CS,32.57,100,P300,L002,
45100145,0010,M200055,50,PAL,37.52,1,P300,L002,
45100145,0020,M200191,250,CS,101.76,100,P200,L002,
45100146,0010,M200129,250,L,93.9,10,P200,L003,
45100146,0020,M200124,5,BOX,167.35,1,P300,L001,
45100146,0030,M200058,50,KG,152.36,1,P200,L002,
45100147,0010,M200164,1500,EA,186.69,100,P200,L003,
45100147,0020,M200171,150,EA,156.79,1,P100,L002,
45100147,0030,M200137,750,CS,134.66,1,P100,L002,
45100147,0040,M200064,50,KG,199.42,1,P200,L001,
45100147,0050,M200117,5,KG,244.85,1,P300,L001,
45100148,0010,M200017,250,KG,76.04,1,P200,L001,
45100148,0020,M200149,200,BOX,25.02,1,P300,L003,
45100149,0010,M200114,200,EA,49.75,100,P200,L003,
45100149,0020,M200146,300,EA,107.72,1,P400,L003,
45100149,0030,M200163,1000,PAL,114.34,1,P300,L002,
45100149,0040,M200127,20,HR,82.5,10,P300,L003,
45100150,0010,M200064,50,L,169.62,100,P300,L003,
45100150,0020,M200194,200,KG,2.13,100,P400,L002,
45100150,0030,M200017,150,CS,168.41,1,P400,L002,
45100151,0010,M200047,1000,KG,27.62,1,P200,L002,
45100151,0020,M200082,250,CS,118.23,1,P200,L003,
45100151,0030,M200083,25,KG,191.72,1,P200,L003,
45100151,0040,M200084,200,PAL,163.55,10,P300,L001,
45100152,0010,M200078,20,L,76.9,1,P300,L002,
45100152,0020,M200145,1000,BOX,104.57,10,P100,L002,
45100152,0030,M200036,1000,BOX,68.91,1,P200,L003,
45100153,0010,M200096,100,EA,107.16,10,P300,L003,
45100153,0020,M200052,25,CS,154.58,10,P300,L001,
45100153,0030,M200042,750,L,120.18,100,P400,L001,
45100153,0040,M200100,2000,HR,176.77,1,P300,L003,
45100154,0010,M200015,1000,HR,284.64,10,P300,L001,
45100155,0010,M200019,1000,L,183.25,1,P200,L003,
45100156,0010,M200023,25,BOX,82.3,100,P300,L003,
45100156,0020,M200075,5,HR,35.55,1,P300,L002,
45100157,0010,M200055,100,KG,117.35,10,P300,L002,
45100157,0020,M200181,50,L,151.1,1,P200,L001,
45100157,0030,M200110,1000,BOX,121.85,1,P100,L003,
45100158,0010,M200009,1500,PAL,199.67,100,P400,L002,
45100158,0020,M200163,750,EA,19.35,1,P100,L003,
45100158,0030,M200132,1500,CS,22.39,10,P200,L001,
45100159,0010,M200071,200,BOX,222.39,1,P300,L001,
45100159,0020,M200148,200,L,132.16,10,P100,L002,
45100160,0010,M200100,1500,EA,241.45,1,P300,L001,
45100160,0020,M200197,2500,L,439.09,1,P300,L003,
45100161,0010,M200198,25,KG,77.47,1,P100,L003,
45100161,0020,M200011,20,CS,135.25,1,P300,L002,
45100161,0030,M200169,25,KG,76.08,10,P300,L001,
45100162,0010,M200091,20,EA,219.47,10,P100,L002,X
45100162,0020,M200191,750,CS,52.54,1,P400,L002,
45100163,0010,M200098,1500,PAL,31.6,1,P100,L001,
45100163,0020,M200031,750,BOX,151.41,1,P400,L001,
45100164,0010,M200130,200,L,64.19,1,P400,L001,X
45100164,0020,M200108,1500,BOX,25.47,1,P300,L001,
45100165,0010,M200077,750,KG,21.57,10,P400,L001,
45100165,0020,M200071,500,HR,224.38,1,P200,L001,
45100166,0010,M200133,3000,KG,640.81,1,P100,L003,
45100166,0020,M200190,1500,HR,365.95,1,P400,L001,
45100166,0030,M200133,2500,KG,738.0,1,P300,L001,
45100166,0040,M200008,2500,BOX,310.16,1,P300,L003,
45100167,0010,M200085,2000,EA,117.89,1,P400,L001,
45100167,0020,M200196,750,PAL,131.54,1,P100,L001,
45100167,0030,M200058,150,EA,247.05,1,P400,L002,
45100168,0010,M200138,20,BOX,214.3,1,P300,L002,
45100168,0020,M200066,100,KG,164.27,1,P100,L002,
45100168,0030,M200147,20,KG,55.22,1,P200,L001,
45100169,0010,M200184,50,BOX,221.79,1,P200,L001,
45100169,0020,M200187,50,HR,82.49,10,P300,L001,
45100169,0030,M200096,20,HR,145.05,1,P400,L003,
45100169,0040,M200051,5,KG,36.17,1,P200,L001,
45100170,0010,M200124,2500,BOX,342.32,100,P400,L002,
45100170,0020,M200117,500,PAL,514.0,1,P300,L002,
45100171,0010,M200088,1500,CS,122.1,100,P400,L003,
45100171,0020,M200088,250,CS,66.08,1,P400,L003,X
45100172,0010,M200025,200,KG,207.6,1,P300,L001,
45100172,0020,M200079,150,BOX,138.55,1,P200,L002,
45100172,0030,M200131,20,KG,210.08,1,P100,L001,
45100172,0040,M200091,300,PAL,195.09,100,P100,L003,
45100172,0050,M200059,250,HR,42.1,1,P100,L003,
45100173,0010,M200159,1500,KG,232.7,1,P400,L001,
45100173,0020,M200103,150,L,225.29,10,P400,L002,
45100173,0030,M200185,5,L,19.18,100,P300,L001,
45100173,0040,M200157,10,PAL,15.28,10,P200,L001,
45100173,0050,M200042,1000,CS,244.13,1,P400,L001,
45100174,0010,M200050,1500,KG,87.93,1,P300,L001,
45100175,0010,M200190,500,PAL,38.39,10,P200,L003,
45100175,0020,M200084,500,EA,29.76,1,P100,L003,
45100175,0030,M200060,200,HR,75.06,1,P400,L001,
45100175,0040,M200194,100,HR,218.87,1,P400,L002,
45100175,0050,M200120,300,BOX,42.53,10,P300,L001,
45100176,0010,M200188,300,PAL,216.34,1,P400,L003,
45100176,0020,M200108,500,EA,26.74,1,P300,L002,
45100176,0030,M200085,500,BOX,209.16,1,P100,L001,
45100176,0040,M200125,300,KG,124.0,100,P400,L003,
45100176,0050,M200200,750,CS,122.22,100,P400,L003,
45100176,0060,M200171,5,BOX,150.61,100,P100,L003,
45100177,0010,M200062,300,L,168.32,100,P400,L002,
45100177,0020,M200011,500,L,197.14,10,P100,L002,
45100178,0010,M200200,500,BOX,227.07,1,P200,L001,
45100178,0020,M200085,50,EA,230.21,1,P400,L002,
45100178,0030,M200175,100,L,243.41,1,P300,L002,
45100178,0040,M200084,750,BOX,247.75,1,P200,L001,
45100179,0010,M200166,750,L,100.63,1,P200,L002,
45100179,0020,M200086,300,L,134.79,1,P300,L002,
45100179,0030,M200185,500,EA,101.81,100,P400,L003,
45100180,0010,M200068,750,CS,121.62,1,P400,L002,
45100180,0020,M200044,5,L,28.31,100,P300,L003,
45100180,0030,M200144,1000,L,140.2,1,P400,L003,
45100180,0040,M200051,10,EA,178.06,10,P300,L001,
45100180,0050,M200137,150,L,33.69,10,P100,L003,
45100181,0010,M200076,300,PAL,242.7,1,P200,L002,
45100181,0020,M200063,20,PAL,167.05,1,P100,L002,
45100181,0030,M200178,25,KG,218.85,10,P200,L001,X
45100181,0040,M200063,1500,EA,153.25,10,P400,L003,
45100182,0010,M200106,1500,KG,129.88,10,P400,L003,
45100182,0020,M200094,1000,CS,66.26,1,P300,L001,
45100182,0030,M200092,750,EA,34.06,1,P200,L001,
45100182,0040,M200130,200,HR,134.07,1,P200,L003,
45100183,0010,M200142,25,CS,116.59,100,P100,L002,
45100183,0020,M200128,150,PAL,16.63,1,P100,L003,
45100183,0030,M200167,2000,EA,87.23,1,P100,L003,
45100184,0010,M200071,50,PAL,236.86,1,P400,L002,
45100184,0020,M200035,25,BOX,165.62,1,P300,L002,
45100184,0030,M200131,20,BOX,191.69,100,P300,L001,
45100184,0040,M200014,1000,HR,89.91,1,P100,L003,
45100184,0050,M200106,20,HR,183.27,1,P200,L001,X
45100184,0060,M200127,10,HR,83.28,1,P400,L003,
45100185,0010,M200105,750,BOX,118.86,1,P200,L001,
45100185,0020,M200046,150,HR,219.83,10,P100,L001,
45100186,0010,M200090,500,HR,20.85,10,P100,L003,
45100186,0020,M200156,250,EA,15.26,1,P100,L001,X
45100186,0030,M200136,5,EA,82.05,1,P100,L003,
45100187,0010,M200045,500,KG,155.41,1,P200,L002,
45100187,0020,M200175,300,KG,93.85,1,P400,L003,
45100188,0010,M200130,1500,KG,204.84,1,P100,L003,
45100188,0020,M200031,2000,CS,78.26,1,P100,L002,
45100188,0030,M200152,20,PAL,225.11,10,P200,L003,
45100188,0040,M200157,200,L,232.19,100,P400,L002,
45100189,0010,M200017,25,L,91.74,1,P400,L001,
45100189,0020,M200011,5,L,229.19,10,P100,L003,
45100190,0010,M200135,300,PAL,175.7,100,P400,L003,
45100190,0020,M200073,20,L,112.25,1,P300,L003,
45100191,0010,M200022,5,BOX,123.06,1,P400,L003,
45100191,0020,M200128,1000,CS,72.15,1,P100,L001,
45100191,0030,M200079,750,PAL,225.12,100,P200,L003,
45100191,0040,M200013,5,PAL,12.28,1,P400,L001,
45100192,0010,M200176,150,CS,184.77,100,P200,L003,
45100192,0020,M200179,2000,EA,54.02,10,P200,L001,
45100193,0010,M200053,2000,BOX,535.47,1,P100,L002,
45100193,0020,M200177,750,EA,296.88,1,P200,L002,
45100193,0030,M200096,750,CS,88.04,100,P200,L003,
45100193,0040,M200109,2500,HR,653.65,1,P200,L003,
45100193,0050,M200070,3000,BOX,58.69,10,P400,L002,
45100193,0060,M200049,2000,CS,464.98,1,P400,L001,
45100194,0010,M200170,25,HR,18.1,1,P100,L001,
45100194,0020,M200126,20,EA,134.47,1,P300,L003,
45100194,0030,M200178,50,BOX,134.3,1,P300,L001,
45100194,0040,M200102,2000,CS,221.06,1,P400,L001,
45100195,0010,M200121,10,BOX,28.3,1,P400,L001,
45100195,0020,M200178,10,CS,60.82,100,P300,L002,
45100195,0030,M200114,1000,PAL,10.74,100,P200,L001,
45100195,0040,M200012,5,PAL,237.17,1,P300,L001,
45100195,0050,M200052,5,HR,98.13,1,P300,L003,
45100196,0010,M200050,500,L,180.43,1,P400,L001,
45100196,0020,M200155,50,PAL,139.43,1,P300,L001,
45100197,0010,M200133,750,PAL,575.8,1,P300,L001,
45100197,0020,M200027,500,HR,55.02,100,P100,L002,
45100197,0030,M200031,500,CS,697.85,100,P100,L001,
45100197,0040,M200122,2500,PAL,378.15,100,P400,L002,
45100197,0050,M200061,1000,HR,570.72,10,P400,L001,
45100197,0060,M200093,2500,KG,293.83,1,P400,L002,
45100198,0010,M200006,1000,BOX,75.31,1,P400,L002,
45100198,0020,M200139,25,CS,246.88,1,P300,L001,
45100198,0030,M200108,200,BOX,183.5,10,P400,L002,
45100198,0040,M200084,150,HR,33.71,100,P200,L001,
45100198,0050,M200049,25,PAL,237.03,100,P300,L002,
45100199,0010,M200105,500,L,77.07,10,P200,L002,
45100199,0020,M200167,50,BOX,226.22,100,P400,L001,
45100199,0030,M200087,2000,PAL,39.6,10,P400,L001,
45100199,0040,M200007,25,HR,96.8,1,P300,L003,
45100200,0010,M200165,300,BOX,195.57,1,P200,L002,
45100200,0020,M200063,750,CS,33.07,10,P300,L003,
45100200,0030,M200157,750,PAL,157.21,1,P100,L001,
45100200,0040,M200003,1500,CS,13.66,1,P300,L002,
45100200,0050,M200039,50,KG,210.25,1,P300,L003,
45100200,0060,M200115,100,BOX,176.05,1,P300,L001,
45100201,0010,M200039,150,KG,30.05,100,P400,L001,
45100201,0020,M200161,750,BOX,245.83,1,P100,L003,
45100201,0030,M200114,1000,EA,10.32,10,P400,L002,
45100201,0040,M200197,300,EA,172.19,1,P400,L003,
45100201,0050,M200115,200,EA,236.68,100,P300,L002,
45100201,0060,M200095,20,EA,34.17,1,P400,L001,
45100202,0010,M200172,500,KG,80.51,1,P300,L003,
45100202,0020,M200127,300,EA,222.82,10,P200,L002,
45100202,0030,M200050,50,PAL,245.52,1,P400,L002,
45100203,0010,M200062,1500,HR,273.65,1,P100,L002,
45100203,0020,M200195,1000,HR,610.5,100,P100,L001,
45100203,0030,M200160,1000,EA,537.6,10,P200,L002,
45100203,0040,M200010,1500,HR,279.74,1,P300,L003,
45100204,0010,M200105,100,HR,33.52,1,P300,L003,
45100204,0020,M200073,10,L,228.38,1,P300,L003,
45100204,0030,M200006,20,CS,201.65,1,P200,L001,
45100205,0010,M200147,3000,CS,712.05,1,P100,L003,X
45100205,0020,M200088,750,CS,574.84,100,P400,L003,
45100206,0010,M200028,10,PAL,14.51,1,P200,L003,
45100206,0020,M200048,750,EA,237.87,1,P400,L003,
45100206,0030,M200013,10,HR,97.03,100,P200,L002,
45100206,0040,M200182,300,BOX,176.72,10,P300,L003,
45100207,0010,M200016,20,BOX,127.14,1,P200,L001,
45100207,0020,M200139,25,PAL,175.14,1,P200,L001,
45100207,0030,M200194,20,KG,98.97,100,P300,L003,
45100207,0040,M200164,25,L,106.92,1,P200,L003,X
45100207,0050,M200175,50,L,188.7,1,P100,L001,
45100207,0060,M200188,300,EA,189.03,10,P100,L003,
45100208,0010,M200004,500,HR,22.51,100,P300,L003,
45100208,0020,M200174,300,EA,65.98,1,P400,L002,
45100208,0030,M200123,200,L,75.41,10,P300,L003,
45100209,0010,M200151,5,KG,172.87,10,P400,L002,
45100209,0020,M200104,1500,BOX,224.82,10,P200,L001,
45100210,0010,M200007,20,CS,197.17,10,P200,L002,
45100210,0020,M200112,1500,CS,165.61,1,P200,L003,
45100210,0030,M200056,5,EA,98.13,1,P300,L002,
45100210,0040,M200128,20,BOX,76.23,100,P300,L001,
45100210,0050,M200156,200,HR,108.5,1,P400,L003,
45100211,0010,M200018,750,L,119.44,1,P200,L001,
45100211,0020,M200127,25,CS,104.38,1,P300,L003,
45100211,0030,M200162,500,L,154.81,100,P100,L003,
45100211,0040,M200073,750,L,93.65,1,P300,L003,
45100211,0050,M200017,200,EA,92.82,1,P200,L002,
45100212,0010,M200081,2000,HR,225.51,10,P300,L003,
45100212,0020,M200085,25,HR,225.51,1,P200,L003,
45100212,0030,M200061,1500,CS,62.65,100,P400,L001,
45100213,0010,M200099,20,CS,156.09,1,P400,L002,
45100213,0020,M200187,10,L,112.65,1,P300,L003,
45100213,0030,M200200,200,EA,62.02,1,P300,L002,
45100213,0040,M200124,20,PAL,196.03,1,P400,L002,
45100213,0050,M200138,1500,KG,202.78,1,P100,L002,
45100214,0010,M200050,1000,PAL,126.28,1,P400,L002,
45100215,0010,M200077,25,L,36.44,1,P100,L003,
45100215,0020,M200108,100,EA,116.5,1,P400,L003,
45100215,0030,M200041,200,PAL,189.74,1,P300,L002,
45100215,0040,M200181,200,PAL,71.55,100,P200,L002,
45100215,0050,M200032,1500,EA,81.97,10,P300,L001,
45100215,0060,M200185,250,BOX,6.85,10,P300,L002,
45100215,0070,M200157,1000,CS,9.12,1,P300,L003,
45100215,0080,M200011,5,PAL,180.83,1,P400,L001,
45100216,0010,M200027,20,PAL,235.06,1,P100,L002,
45100216,0020,M200087,150,EA,86.22,1,P400,L002,
45100216,0030,M200135,500,BOX,197.54,1,P100,L001,
45100217,0010,M200067,25,KG,14.6,100,P100,L001,
45100217,0020,M200179,200,KG,11.08,1,P200,L001,
45100217,0030,M200036,100,PAL,81.08,10,P100,L003,
45100218,0010,M200172,750,HR,104.03,1,P100,L001,
45100218,0020,M200054,300,KG,123.12,1,P100,L003,
45100218,0030,M200131,20,CS,99.6,1,P100,L003,
45100219,0010,M200143,250,L,97.41,1,P300,L002,
45100219,0020,M200067,10,BOX,162.79,10,P100,L002,
45100219,0030,M200167,250,HR,192.62,1,P200,L001,
45100220,0010,M200191,25,CS,50.44,100,P300,L003,
45100221,0010,M200078,200,L,14.06,1,P300,L001,
45100221,0020,M200080,25,EA,207.48,1,P200,L002,
45100221,0030,M200100,100,HR,114.74,10,P200,L002,
45100222,0010,M200171,25,CS,19.88,1,P100,L001,
45100222,0020,M200003,2000,L,0.5,10,P400,L003,
45100222,0030,M200041,5,EA,92.33,1,P400,L003,
45100222,0040,M200020,150,L,163.58,1,P100,L001,
45100223,0010,M200053,2000,EA,159.36,1,P400,L001,X
45100223,0020,M200023,25,HR,114.08,100,P300,L002,X
45100224,0010,M200017,750,HR,38.75,1,P400,L003,
45100224,0020,M200010,150,BOX,207.7,10,P200,L001,
45100224,0030,M200012,10,HR,239.88,1,P300,L003,
45100224,0040,M200069,500,EA,68.35,1,P200,L003,
45100225,0010,M200167,3000,EA,528.73,10,P400,L001,
45100225,0020,M200191,2000,EA,359.43,1,P400,L002,
45100225,0030,M200096,2000,HR,365.58,100,P200,L002,
45100225,0040,M200089,1000,BOX,543.18,10,P300,L002,
45100225,0050,M200173,2000,CS,470.33,10,P300,L002,
45100226,0010,M200036,2000,L,89.99,10,P400,L003,
45100226,0020,M200043,100,EA,126.84,1,P300,L003,
45100226,0030,M200191,1500,KG,199.78,1,P200,L003,
45100226,0040,M200108,250,EA,136.23,100,P100,L003,X
45100227,0010,M200171,750,KG,57.08,1,P400,L001,
45100227,0020,M200096,2000,PAL,99.04,10,P200,L003,
45100227,0030,M200105,1000,HR,246.99,1,P400,L001,
45100228,0010,M200049,5,HR,223.35,100,P100,L002,
45100228,0020,M200019,50,HR,60.84,10,P300,L001,
45100228,0030,M200025,25,CS,6.36,1,P300,L001,
45100229,0010,M200175,10,EA,63.73,1,P400,L002,
45100229,0020,M200003,300,HR,75.4,10,P300,L001,
45100229,0030,M200159,2000,PAL,119.87,100,P100,L003,
45100230,0010,M200082,1500,L,267.41,10,P100,L002,
45100230,0020,M200159,500,L,466.76,10,P100,L002,
45100230,0030,M200023,500,BOX,512.17,1,P100,L002,
45100231,0010,M200155,5,BOX,81.06,100,P400,L001,
45100231,0020,M200025,500,EA,32.53,1,P400,L001,
45100231,0030,M200119,750,L,141.48,100,P100,L002,
45100231,0040,M200179,200,PAL,43.89,10,P300,L001,X
45100232,0010,M200110,500,EA,39.12,1,P200,L002,
45100232,0020,M200002,1000,BOX,186.26,1,P400,L001,
45100233,0010,M200175,1500,PAL,123.59,10,P100,L001,
45100233,0020,M200034,300,HR,140.91,10,P400,L002,
45100234,0010,M200182,2000,PAL,173.61,100,P100,L002,
45100234,0020,M200072,250,BOX,175.66,1,P100,L001,
45100234,0030,M200171,200,L,100.63,1,P200,L001,X
45100234,0040,M200023,20,PAL,166.33,10,P300,L003,
45100235,0010,M200169,2000,KG,401.27,1,P200,L001,
45100235,0020,M200035,1000,HR,382.1,1,P100,L001,
45100236,0010,M200136,50,EA,220.16,1,P300,L001,
45100236,0020,M200055,500,KG,118.95,10,P200,L001,
45100236,0030,M200142,500,HR,135.58,1,P200,L003,
45100237,0010,M200195,200,EA,128.59,1,P200,L001,
45100238,0010,M200161,25,L,207.08,10,P100,L002,
45100238,0020,M200083,150,CS,7.4,1,P400,L002,
45100239,0010,M200192,200,KG,153.92,100,P400,L003,
45100239,0020,M200163,25,KG,149.95,1,P400,L001,
45100239,0030,M200008,10,BOX,140.64,1,P100,L002,
45100239,0040,M200072,500,BOX,201.8,1,P300,L003,
45100239,0050,M200079,200,CS,128.1,10,P200,L002,
45100239,0060,M200178,100,BOX,133.42,100,P100,L002,
45100240,0010,M200074,250,PAL,57.35,1,P200,L003,
45100240,0020,M200079,1500,KG,84.08,10,P300,L002,
45100240,0030,M200172,25,HR,192.19,1,P300,L001,
45100240,0040,M200093,250,HR,138.45,1,P400,L003,
45100240,0050,M200031,750,HR,219.1,1,P200,L003,
45100241,0010,M200047,1000,HR,124.49,1,P400,L002,
45100241,0020,M200146,250,BOX,85.68,1,P100,L002,
45100241,0030,M200097,250,CS,245.97,1,P100,L001,
45100242,0010,M200127,2000,BOX,247.72,100,P300,L003,
45100242,0020,M200051,5,L,245.4,10,P100,L002,
45100243,0010,M200036,10,KG,90.65,1,P100,L001,
45100243,0020,M200141,50,PAL,32.29,1,P400,L001,X
45100243,0030,M200170,5,PAL,2.96,1,P300,L002,
45100243,0040,M200060,300,KG,151.11,1,P300,L001,
45100244,0010,M200082,25,CS,43.37,10,P200,L003,
45100244,0020,M200042,300,EA,185.24,1,P400,L001,
45100244,0030,M200105,25,KG,115.15,1,P200,L001,
45100245,0010,M200172,2000,L,542.69,10,P400,L001,
45100245,0020,M200021,750,BOX,427.51,10,P400,L001,
45100245,0030,M200070,1500,KG,622.31,100,P300,L002,X
45100245,0040,M200130,2000,PAL,762.49,1,P300,L001,
45100246,0010,M200179,150,HR,42.51,10,P200,L001,
45100246,0020,M200104,25,L,178.88,1,P400,L003,
45100246,0030,M200007,2000,HR,141.05,1,P400,L003,
45100246,0040,M200100,100,PAL,90.2,1,P400,L002,
45100247,0010,M200023,50,BOX,87.38,1,P300,L002,
45100247,0020,M200044,1500,KG,146.58,100,P200,L001,
45100247,0030,M200094,1000,EA,57.53,1,P100,L003,
45100248,0010,M200021,750,PAL,266.87,1,P200,L002,
45100249,0010,M200059,50,BOX,42.07,1,P200,L001,
45100249,0020,M200147,1000,HR,196.17,1,P300,L003,
45100249,0030,M200109,25,KG,4.79,1,P100,L001,
45100249,0040,M200069,1000,CS,45.09,1,P400,L003,
45100249,0050,M200186,20,KG,133.65,1,P200,L001,
45100250,0010,M200070,1500,PAL,5.67,100,P100,L002,
45100250,0020,M200013,20,BOX,211.71,1,P300,L003,
45100250,0030,M200119,200,KG,44.2,1,P200,L001,
45100251,0010,M200018,20,BOX,0.64,10,P400,L003,
45100251,0020,M200141,750,PAL,101.27,100,P400,L003,
45100251,0030,M200091,300,CS,144.58,10,P300,L003,
45100251,0040,M200043,1500,PAL,125.18,1,P200,L001,
45100252,0010,M200077,300,EA,226.09,10,P400,L002,
45100252,0020,M200081,25,BOX,187.7,1,P400,L003,
45100253,0010,M200152,1000,CS,187.43,1,P400,L001,
45100253,0020,M200059,50,BOX,121.95,10,P400,L002,
45100253,0030,M200119,150,KG,239.92,1,P200,L003,
45100254,0010,M200014,200,L,227.39,10,P100,L003,
45100254,0020,M200132,200,PAL,10.61,10,P100,L002,
45100254,0030,M200080,20,PAL,3.26,1,P200,L003,
45100254,0040,M200070,5,EA,127.62,100,P300,L001,
45100255,0010,M200157,100,BOX,155.63,1,P300,L001,
45100255,0020,M200150,2000,EA,109.88,10,P400,L003,X
45100255,0030,M200200,750,PAL,187.36,100,P100,L001,
45100255,0040,M200097,500,L,178.71,1,P200,L001,
45100255,0050,M200051,300,EA,96.28,10,P200,L001,
45100256,0010,M200035,1500,KG,533.9,1,P400,L003,
45100256,0020,M200054,500,EA,188.88,1,P400,L001,
45100256,0030,M200043,2500,HR,147.1,10,P300,L003,
45100256,0040,M200096,1000,CS,862.32,100,P300,L003,
45100257,0010,M200171,1500,HR,179.28,100,P300,L003,
45100257,0020,M200063,1500,KG,6.05,10,P300,L002,
45100257,0030,M200077,750,BOX,247.83,1,P300,L002,
45100257,0040,M200038,25,PAL,211.2,1,P200,L002,
45100258,0010,M200179,250,PAL,91.07,10,P400,L003,
45100258,0020,M200021,20,KG,155.95,1,P300,L001,
45100259,0010,M200040,200,BOX,244.6,1,P300,L001,
45100259,0020,M200125,2000,BOX,239.59,100,P200,L002,
45100259,0030,M200061,25,L,152.84,1,P300,L001,
45100259,0040,M200152,1500,BOX,21.18,1,P100,L003,X
45100260,0010,M200127,2000,EA,242.53,1,P100,L001,
45100261,0010,M200075,3000,CS,626.93,1,P100,L001,
45100261,0020,M200080,2000,L,83.1,1,P100,L003,X
45100261,0030,M200050,3000,CS,812.5,10,P100,L002,
45100261,0040,M200158,2000,CS,110.93,1,P200,L001,
45100262,0010,M200041,1000,HR,175.14,1,P400,L003,
45100262,0020,M200073,150,EA,213.11,1,P400,L002,
45100262,0030,M200131,50,L,163.55,10,P400,L001,
45100263,0010,M200171,25,L,60.55,1,P200,L001,
45100263,0020,M200151,20,EA,27.36,10,P200,L001,
45100263,0030,M200073,100,CS,172.09,100,P200,L003,
45100264,0010,M200165,500,HR,138.25,100,P300,L003,
45100264,0020,M200122,5,HR,91.37,10,P200,L002,
45100264,0030,M200009,1500,CS,201.01,10,P200,L002,
45100265,0010,M200182,100,CS,112.68,1,P400,L003,
45100266,0010,M200146,750,CS,46.4,1,P300,L002,
45100266,0020,M200086,5,KG,221.11,1,P400,L002,
45100266,0030,M200185,150,KG,10.09,1,P300,L003,
45100266,0040,M200158,100,L,1.18,10,P200,L001,
45100267,0010,M200189,250,HR,68.72,10,P200,L002,
45100267,0020,M200188,5,CS,114.01,100,P300,L003,
45100268,0010,M200073,5,L,102.13,1,P400,L002,
45100268,0020,M200156,25,PAL,230.81,100,P200,L002,
45100268,0030,M200167,5,CS,204.28,100,P300,L002,
45100269,0010,M200011,1500,KG,112.59,10,P100,L002,
45100269,0020,M200020,1000,CS,68.77,100,P400,L001,
45100269,0030,M200188,1000,CS,160.18,1,P100,L002,
45100270,0010,M200170,50,PAL,195.03,1,P400,L003,
45100271,0010,M200168,5,KG,171.43,1,P300,L003,
45100272,0010,M200026,2000,KG,187.48,1,P200,L003,
45100272,0020,M200066,20,BOX,226.54,1,P200,L002,
45100273,0010,M200080,750,PAL,137.4,1,P100,L001,
45100273,0020,M200001,10,KG,194.78,1,P200,L001,
45100273,0030,M200087,250,EA,191.62,100,P400,L003,
45100274,0010,M200072,10,CS,89.39,1,P300,L001,
45100275,0010,M200065,5,HR,227.77,100,P100,L001,
45100275,0020,M200088,250,KG,203.9,100,P200,L002,
45100276,0010,M200090,100,EA,213.45,10,P100,L003,
45100276,0020,M200104,20,KG,47.94,10,P100,L003,
45100276,0030,M200169,200,CS,139.59,10,P400,L002,
45100277,0010,M200011,200,EA,47.43,100,P300,L001,
45100278,0010,M200167,150,L,187.56,1,P300,L002,
45100279,0010,M200153,250,PAL,191.65,100,P200,L002,
45100279,0020,M200142,1000,HR,85.51,100,P100,L003,
45100280,0010,M200109,5,L,214.73,1,P300,L003,
45100280,0020,M200036,50,HR,204.02,1,P300,L002,
45100280,0030,M200020,100,PAL,19.24,1,P300,L002,X
45100281,0010,M200084,750,KG,23.72,1,P100,L002,
45100281,0020,M200068,100,CS,79.92,1,P200,L003,
45100281,0030,M200021,5,KG,69.49,100,P100,L003,
45100281,0040,M200148,750,CS,136.74,100,P300,L001,
45100281,0050,M200193,50,EA,229.75,10,P100,L003,
45100281,0060,M200190,20,EA,17.65,100,P100,L001,
45100282,0010,M200093,750,BOX,140.86,100,P200,L001,
45100282,0020,M200048,3000,HR,533.66,1,P100,L002,
45100282,0030,M200182,3000,KG,677.18,100,P200,L002,X
45100283,0010,M200070,1000,PAL,182.6,1,P400,L003,
45100283,0020,M200111,300,KG,166.89,1,P300,L002,
45100284,0010,M200106,50,PAL,67.71,100,P100,L003,
45100284,0020,M200166,200,PAL,0.86,1,P400,L003,
45100284,0030,M200065,20,HR,144.37,100,P100,L003,
45100285,0010,M200060,750,KG,12.12,1,P400,L001,
45100285,0020,M200071,300,EA,1.2,1,P100,L003,X
45100285,0030,M200028,25,L,112.05,1,P100,L002,
45100285,0040,M200106,500,BOX,129.96,1,P400,L003,
45100285,0050,M200163,25,KG,97.61,1,P200,L002,
45100286,0010,M200013,5,L,108.61,1,P100,L001,
45100286,0020,M200135,25,L,103.64,1,P200,L002,
45100286,0030,M200110,5,CS,118.57,100,P100,L003,
45100287,0010,M200058,25,BOX,172.26,1,P400,L002,
45100287,0020,M200123,200,KG,226.25,1,P200,L003,
45100287,0030,M200057,250,PAL,160.65,1,P100,L002,
45100288,0010,M200177,50,EA,215.57,100,P300,L003,
45100288,0020,M200017,2000,PAL,27.23,1,P300,L001,
45100288,0030,M200172,1500,PAL,153.59,100,P200,L003,
45100288,0040,M200136,20,EA,239.68,1,P400,L003,
45100289,0010,M200048,750,EA,76.93,10,P300,L003,
45100289,0020,M200151,500,KG,100.79,100,P300,L001,
45100290,0010,M200063,5,L,214.52,1,P400,L001,
45100290,0020,M200127,150,KG,239.4,1,P100,L001,
45100290,0030,M200036,150,KG,216.7,1,P400,L002,
45100291,0010,M200027,250,HR,110.6,1,P200,L003,
45100291,0020,M200095,5,EA,64.49,100,P400,L001,
45100291,0030,M200165,2000,PAL,112.73,1,P100,L002,
45100291,0040,M200157,10,EA,201.45,100,P200,L001,
45100291,0050,M200071,20,PAL,164.5,1,P400,L001,
45100292,0010,M200026,250,EA,145.93,100,P300,L001,
45100293,0010,M200092,200,CS,139.29,1,P100,L003,
45100293,0020,M200161,5,PAL,166.99,1,P200,L001,
45100294,0010,M200046,750,KG,227.71,1,P400,L001,
45100295,0010,M200035,10,EA,181.57,1,P300,L003,
45100295,0020,M200195,1500,L,171.85,1,P100,L001,
45100296,0010,M200096,3000,EA,198.83,10,P100,L001,
45100296,0020,M200055,1500,EA,402.79,1,P200,L002,
45100296,0030,M200183,2000,PAL,625.57,100,P300,L002,
45100297,0010,M200137,300,HR,54.29,10,P400,L001,
45100298,0010,M200072,50,L,151.77,1,P200,L002,
45100298,0020,M200198,200,PAL,231.85,100,P100,L003,
45100298,0030,M200014,750,KG,175.22,1,P400,L002,
45100299,0010,M200189,20,CS,13.68,1,P200,L001,
45100299,0020,M200013,1500,PAL,151.92,1,P200,L003,
45100299,0030,M200087,250,PAL,23.84,1,P300,L003,
45100299,0040,M200046,150,EA,122.88,1,P200,L001,
45100299,0050,M200023,20,PAL,156.4,1,P400,L003,
45100299,0060,M200021,1000,HR,80.8,1,P300,L002,X
45100300,0010,M200200,1000,EA,166.39,1,P100,L001,
45100301,0010,M200164,10,PAL,21.12,1,P400,L001,
45100301,0020,M200138,100,HR,14.78,100,P100,L003,
45100301,0030,M200091,150,L,168.21,100,P300,L002,
45100301,0040,M200022,1500,PAL,37.41,100,P400,L002,
45100302,0010,M200020,20,KG,206.18,1,P100,L002,
45100302,0020,M200011,150,PAL,117.09,1,P100,L001,
45100302,0030,M200063,100,BOX,159.35,1,P300,L003,
45100302,0040,M200136,150,KG,94.74,1,P200,L002,
45100302,0050,M200069,25,PAL,247.67,1,P100,L002,
45100303,0010,M200148,750,BOX,10.95,1,P400,L001,
45100303,0020,M200062,300,BOX,214.08,100,P400,L003,
45100304,0010,M200198,1000,PAL,159.24,100,P200,L001,
45100304,0020,M200069,5,CS,232.07,10,P300,L003,
45100304,0030,M200143,750,PAL,1.74,1,P200,L003,
45100305,0010,M200064,25,PAL,94.83,1,P100,L002,
45100305,0020,M200040,10,HR,35.8,10,P300,L003,
45100306,0010,M200172,750,HR,77.22,1,P200,L001,
45100306,0020,M200108,750,CS,33.06,100,P400,L001,
45100306,0030,M200200,10,L,115.76,1,P400,L002,
45100307,0010,M200041,1000,L,93.73,1,P100,L001,
45100307,0020,M200059,500,HR,92.58,100,P200,L002,
45100307,0030,M200187,500,EA,21.61,10,P300,L002,
45100307,0040,M200075,300,PAL,240.01,100,P100,L001,
45100307,0050,M200095,250,KG,174.5,100,P200,L002,
45100307,0060,M200035,300,BOX,208.02,1,P300,L001,
45100308,0010,M200075,25,KG,229.16,1,P300,L001,
45100308,0020,M200066,100,PAL,220.93,1,P400,L003,
45100308,0030,M200037,10,CS,22.97,100,P400,L003,
45100309,0010,M200032,5,PAL,151.81,1,P200,L003,
45100309,0020,M200174,200,KG,54.59,10,P300,L001,X
45100309,0030,M200105,5,CS,180.98,1,P400,L002,
45100309,0040,M200025,250,BOX,214.67,100,P100,L001,
45100310,0010,M200007,5,CS,146.73,1,P400,L001,
45100310,0020,M200153,2000,PAL,3.77,10,P300,L002,
45100310,0030,M200128,750,L,71.27,100,P100,L003,
45100310,0040,M200001,500,PAL,53.82,1,P300,L001,
45100311,0010,M200155,2000,EA,154.7,100,P300,L001,
45100311,0020,M200058,1000,KG,500.41,1,P200,L002,
45100311,0030,M200186,2000,KG,565.58,1,P100,L001,
45100312,0010,M200108,10,EA,64.16,1,P300,L001,
45100312,0020,M200105,5,HR,207.48,1,P300,L001,
45100312,0030,M200102,150,BOX,241.59,1,P100,L001,
45100313,0010,M200005,25,EA,218.77,1,P200,L002,
45100313,0020,M200156,1500,EA,217.87,1,P400,L001,
45100313,0030,M200019,750,L,53.61,1,P200,L002,
45100314,0010,M200111,250,PAL,46.26,100,P100,L002,
45100314,0020,M200125,1000,BOX,140.56,1,P200,L003,
45100314,0030,M200075,5,HR,29.4,1,P100,L003,
45100315,0010,M200088,25,L,119.48,100,P200,L002,
45100316,0010,M200096,750,PAL,31.47,1,P300,L002,
45100316,0020,M200005,1500,PAL,12.35,1,P100,L002,
45100316,0030,M200047,750,EA,248.84,1,P200,L002,
45100316,0040,M200181,300,PAL,235.68,10,P400,L003,
45100316,0050,M200142,300,HR,189.99,10,P100,L003,
45100317,0010,M200094,150,PAL,159.38,100,P200,L001,
45100317,0020,M200027,5,L,193.19,1,P200,L001,
45100317,0030,M200028,1500,KG,195.19,1,P300,L001,
45100317,0040,M200111,300,BOX,140.18,1,P400,L003,
45100318,0010,M200122,150,KG,160.24,10,P400,L001,
45100318,0020,M200045,25,HR,77.72,1,P200,L002,
45100318,0030,M200155,500,L,61.37,100,P200,L003,
45100319,0010,M200073,5,CS,224.36,10,P100,L001,
45100319,0020,M200145,150,PAL,85.66,100,P200,L002,
45100319,0030,M200092,500,PAL,37.08,1,P100,L003,
45100319,0040,M200097,150,L,157.77,1,P100,L003,
45100319,0050,M200110,500,EA,207.74,1,P200,L003,
45100320,0010,M200193,50,EA,210.91,1,P400,L003,
45100320,0020,M200151,1000,CS,78.03,100,P300,L003,
45100321,0010,M200043,1000,BOX,56.32,1,P400,L003,
45100321,0020,M200100,5,EA,29.64,10,P200,L001,
45100321,0030,M200050,300,CS,84.04,1,P100,L001,
45100321,0040,M200015,500,PAL,70.17,1,P100,L003,
45100321,0050,M200117,1000,BOX,44.71,100,P200,L003,
45100322,0010,M200161,5,KG,182.63,1,P300,L002,X
45100322,0020,M200127,200,BOX,149.91,10,P200,L001,
45100323,0010,M200036,150,HR,190.86,10,P200,L003,
45100323,0020,M200005,1000,PAL,23.47,10,P400,L002,
45100324,0010,M200145,2000,HR,150.65,1,P100,L002,
45100324,0020,M200173,50,PAL,17.26,1,P200,L001,
45100324,0030,M200023,2000,KG,78.89,1,P200,L002,
45100324,0040,M200103,200,EA,136.4,1,P400,L001,
45100325,0010,M200043,10,HR,20.11,1,P100,L002,
45100325,0020,M200193,25,BOX,206.38,1,P200,L002,
45100326,0010,M200089,10,BOX,48.0,10,P100,L003,
45100326,0020,M200079,300,L,12.77,1,P300,L001,
45100326,0030,M200102,250,L,11.23,1,P400,L002,
45100326,0040,M200014,200,KG,51.62,1,P100,L002,
45100327,0010,M200037,750,BOX,197.84,100,P200,L001,
45100328,0010,M200164,2000,EA,123.15,100,P200,L001,
45100328,0020,M200067,2000,PAL,243.43,1,P300,L003,
45100328,0030,M200188,300,HR,109.76,10,P200,L003,
45100329,0010,M200132,250,KG,170.54,1,P400,L001,
45100330,0010,M200116,5,HR,123.46,100,P400,L002,
45100330,0020,M200031,200,BOX,175.18,10,P400,L001,
45100330,0030,M200133,1000,CS,37.06,1,P300,L001,
45100330,0040,M200037,500,EA,210.25,1,P200,L003,
45100331,0010,M200023,500,BOX,218.43,1,P100,L002,
45100331,0020,M200115,500,EA,66.59,100,P200,L003,
45100331,0030,M200167,2000,CS,43.97,100,P200,L002,
45100332,0010,M200194,5,PAL,139.6,100,P300,L001,
45100332,0020,M200156,50,PAL,195.95,1,P200,L001,
45100332,0030,M200010,100,CS,199.7,100,P200,L003,
45100333,0010,M200185,750,PAL,173.01,100,P300,L003,
45100333,0020,M200156,1500,L,183.99,100,P100,L003,
45100334,0010,M200161,250,PAL,114.74,1,P400,L001,
45100334,0020,M200046,2000,KG,136.22,10,P400,L002,
45100334,0030,M200197,20,HR,7.04,100,P400,L002,
45100334,0040,M200020,10,PAL,179.99,10,P400,L003,
45100334,0050,M200099,20,PAL,214.33,100,P400,L003,
45100335,0010,M200034,250,L,144.41,10,P100,L003,
45100335,0020,M200175,5,PAL,99.95,1,P200,L002,
45100335,0030,M200069,500,EA,223.73,1,P400,L002,
45100335,0040,M200085,200,HR,142.51,1,P100,L001,
45100335,0050,M200139,1000,KG,186.74,1,P300,L002,
45100336,0010,M200118,150,PAL,49.43,1,P300,L001,
45100336,0020,M200163,500,KG,133.41,100,P300,L002,
45100337,0010,M200050,2000,PAL,230.98,1,P300,L002,
45100337,0020,M200021,500,HR,229.04,1,P300,L003,
45100337,0030,M200124,2000,KG,236.28,10,P200,L003,
45100337,0040,M200151,1500,KG,173.8,1,P300,L001,
45100337,0050,M200130,250,EA,177.8,1,P300,L001,
45100337,0060,M200126,50,PAL,239.09,100,P300,L001,
45100338,0010,M200198,50,HR,206.3,1,P100,L001,
45100338,0020,M200160,2000,EA,169.02,100,P100,L001,
45100338,0030,M200154,20,BOX,12.2,100,P300,L003,
45100339,0010,M200023,100,CS,52.94,1,P100,L002,
45100339,0020,M200028,1500,L,82.28,1,P200,L003,
45100339,0030,M200159,1500,KG,105.16,100,P100,L001,
45100340,0010,M200082,5,EA,239.97,1,P200,L003,
45100340,0020,M200028,1000,L,198.22,1,P300,L001,
45100340,0030,M200158,10,PAL,174.17,100,P400,L003,
45100340,0040,M200188,20,CS,189.56,1,P300,L002,
45100341,0010,M200135,1500,PAL,191.86,10,P200,L001,
45100341,0020,M200143,2000,CS,202.44,10,P400,L001,
45100341,0030,M200198,250,PAL,104.17,10,P400,L002,
45100342,0010,M200127,100,HR,127.8,1,P300,L003,
45100342,0020,M200094,1500,CS,79.67,100,P300,L001,
45100342,0030,M200078,2000,PAL,30.11,1,P400,L002,X
45100342,0040,M200002,5,EA,39.41,1,P300,L003,
45100342,0050,M200166,10,KG,239.64,1,P100,L002,
45100343,0010,M200002,2000,L,458.45,1,P400,L003,
45100343,0020,M200175,3000,EA,307.77,100,P400,L002,
45100343,0030,M200184,3000,BOX,474.65,1,P400,L002,
45100344,0010,M200185,500,L,103.61,1,P200,L002,
45100344,0020,M200190,20,HR,229.85,1,P200,L001,
45100344,0030,M200045,250,HR,202.03,1,P200,L001,
45100345,0010,M200156,2000,KG,210.37,1,P300,L003,
45100345,0020,M200097,5,HR,221.43,100,P200,L002,
45100345,0030,M200041,750,KG,138.41,1,P100,L003,
45100346,0010,M200133,10,HR,166.46,1,P200,L002,
45100346,0020,M200083,750,L,243.34,100,P300,L002,
45100346,0030,M200040,300,CS,235.56,1,P200,L003,
45100346,0040,M200199,500,CS,185.6,10,P200,L003,
45100347,0010,M200047,2500,HR,866.3,10,P200,L001,
45100347,0020,M200056,2500,KG,719.13,1,P200,L001,
45100347,0030,M200045,2000,KG,861.91,1,P400,L001,
45100348,0010,M200084,1500,HR,146.5,1,P200,L003,
45100348,0020,M200061,100,KG,163.5,1,P200,L002,
45100348,0030,M200079,150,L,30.98,10,P400,L001,
45100348,0040,M200101,25,L,235.5,100,P300,L002,
45100349,0010,M200199,300,BOX,179.01,1,P200,L002,
45100349,0020,M200150,5,BOX,47.11,1,P400,L001,
45100349,0030,M200085,500,KG,225.32,10,P400,L003,
45100349,0040,M200126,2000,HR,204.47,1,P200,L001,
45100350,0010,M200193,20,EA,198.41,10,P100,L003,
45100350,0020,M200010,50,EA,190.37,10,P400,L003,
45100351,0010,M200113,500,L,53.04,1,P300,L001,
45100351,0020,M200137,2000,BOX,15.69,1,P200,L001,
45100351,0030,M200078,2000,KG,97.27,1,P300,L001,
45100352,0010,M200042,1500,KG,182.13,1,P100,L001,
45100352,0020,M200043,2000,CS,182.58,100,P300,L003,X
45100352,0030,M200078,200,KG,69.66,100,P200,L001,
45100352,0040,M200051,300,EA,104.19,10,P100,L001,
45100352,0050,M200128,300,EA,241.87,1,P400,L001,
45100353,0010,M200030,20,KG,29.96,10,P400,L002,
45100353,0020,M200036,10,EA,151.66,1,P100,L001,
45100353,0030,M200027,2000,KG,45.59,1,P100,L002,
45100354,0010,M200191,1000,PAL,109.69,1,P200,L003,
45100355,0010,M200076,25,PAL,108.15,1,P200,L003,X
45100355,0020,M200046,500,BOX,219.28,1,P100,L001,
45100356,0010,M200026,50,EA,6.17,100,P400,L003,
45100356,0020,M200087,5,CS,144.32,1,P200,L001,
45100357,0010,M200005,1500,CS,148.05,1,P300,L003,
45100357,0020,M200017,750,CS,184.13,1,P200,L003,
45100357,0030,M200153,20,L,194.92,100,P400,L001,
45100357,0040,M200059,10,BOX,35.9,1,P400,L002,
45100358,0010,M200100,1000,L,231.04,1,P100,L002,
45100359,0010,M200200,5,KG,35.64,10,P100,L002,
45100360,0010,M200123,250,KG,123.97,1,P200,L003,
45100361,0010,M200185,150,EA,106.84,100,P100,L002,
45100361,0020,M200033,50,CS,133.0,1,P300,L002,
45100361,0030,M200041,2000,CS,171.27,1,P200,L003,
45100362,0010,M200064,10,EA,4.71,1,P400,L002,
45100362,0020,M200197,200,HR,92.46,1,P100,L002,
45100363,0010,M200090,50,L,106.58,1,P200,L002,
45100364,0010,M200065,150,BOX,1.18,1,P100,L001,
45100364,0020,M200132,5,EA,52.2,10,P200,L001,
45100364,0030,M200071,10,CS,122.5,10,P100,L003,X
45100365,0010,M200187,100,HR,112.22,1,P100,L003,
45100365,0020,M200088,5,HR,116.13,1,P100,L002,
45100365,0030,M200064,200,EA,178.3,1,P100,L001,
45100366,0010,M200136,200,L,75.41,10,P200,L001,
45100366,0020,M200007,300,EA,109.06,1,P300,L002,
45100367,0010,M200065,5,BOX,51.54,100,P100,L002,
45100367,0020,M200172,1500,CS,194.36,100,P400,L001,
45100367,0030,M200113,1500,L,109.65,10,P400,L001,
45100367,0040,M200150,250,EA,60.52,1,P400,L001,X
45100367,0050,M200069,150,BOX,106.68,1,P300,L003,
45100367,0060,M200194,1000,EA,29.56,10,P400,L003,
45100368,0010,M200010,750,EA,163.95,100,P200,L003,
45100368,0020,M200142,1500,EA,178.87,1,P100,L002,
45100368,0030,M200182,100,EA,196.22,1,P300,L003,
45100369,0010,M200151,3000,L,755.61,10,P400,L003,
45100369,0020,M200127,750,HR,600.82,10,P400,L003,
45100369,0030,M200107,1000,BOX,523.06,1,P400,L002,
45100369,0040,M200039,500,KG,293.66,10,P400,L003,
45100369,0050,M200060,1500,CS,697.87,1,P200,L003,
45100370,0010,M200152,50,PAL,145.92,1,P400,L001,
45100370,0020,M200068,2000,KG,107.98,1,P100,L001,
45100371,0010,M200139,20,CS,26.87,10,P100,L001,
45100371,0020,M200169,500,EA,200.91,1,P100,L003,
45100371,0030,M200022,100,KG,171.24,100,P400,L001,
45100371,0040,M200022,5,BOX,182.87,100,P300,L003,
45100372,0010,M200019,2000,PAL,100.05,1,P300,L003,
45100372,0020,M200195,200,EA,236.73,1,P200,L003,
45100372,0030,M200130,200,L,233.16,100,P200,L001,
45100373,0010,M200012,200,BOX,80.39,1,P200,L001,
45100373,0020,M200022,300,L,101.11,1,P200,L003,
45100374,0010,M200152,1000,L,41.75,10,P200,L002,
45100374,0020,M200101,500,PAL,232.59,10,P100,L002,
45100375,0010,M200183,50,EA,226.23,1,P400,L001,
45100376,0010,M200142,1000,HR,200.47,100,P200,L002,
45100377,0010,M200200,300,BOX,199.57,10,P200,L002,
45100377,0020,M200155,750,BOX,160.09,100,P400,L002,
45100377,0030,M200185,2000,L,153.15,1,P300,L002,
45100377,0040,M200039,200,EA,3.4,100,P300,L001,
45100378,0010,M200092,1000,PAL,61.17,10,P300,L003,
45100378,0020,M200001,300,PAL,240.06,1,P300,L003,
45100378,0030,M200179,25,PAL,153.71,10,P200,L002,
45100378,0040,M200039,250,CS,111.57,100,P100,L002,X
45100378,0050,M200017,50,EA,18.93,1,P200,L002,
45100378,0060,M200154,1500,HR,41.23,1,P400,L001,
45100378,0070,M200122,150,HR,223.66,1,P200,L001,
45100379,0010,M200143,10,PAL,100.45,1,P200,L002,
45100379,0020,M200072,50,CS,124.15,1,P100,L003,
45100380,0010,M200009,25,CS,174.41,1,P100,L003,
45100380,0020,M200017,1000,BOX,185.21,1,P200,L003,
45100380,0030,M200138,1000,PAL,136.88,1,P100,L002,
45100381,0010,M200025,10,L,110.99,10,P100,L001,
45100382,0010,M200101,150,HR,236.82,100,P400,L003,
45100382,0020,M200159,2000,CS,62.62,100,P400,L003,
45100383,0010,M200130,300,BOX,78.43,1,P300,L002,
45100383,0020,M200081,500,CS,12.8,1,P200,L003,
45100383,0030,M200047,1500,EA,172.02,10,P300,L001,
45100384,0010,M200178,100,EA,28.79,10,P100,L002,
45100384,0020,M200016,1500,KG,149.2,100,P400,L001,
45100384,0030,M200064,750,BOX,162.08,1,P300,L002,
45100384,0040,M200015,200,BOX,2.42,1,P300,L001,
45100384,0050,M200149,20,L,12.22,10,P400,L003,
45100384,0060,M200190,250,CS,153.54,10,P400,L002,
45100384,0070,M200112,20,L,4.08,1,P300,L002,
45100384,0080,M200126,200,CS,85.31,1,P400,L002,
45100385,0010,M200050,250,CS,201.41,1,P400,L001,
45100385,0020,M200095,1000,L,101.41,10,P200,L003,
45100385,0030,M200108,750,L,72.65,1,P400,L003,
45100385,0040,M200156,25,L,231.38,1,P400,L001,
45100385,0050,M200031,20,KG,73.88,10,P400,L002,
45100385,0060,M200122,150,L,34.02,1,P100,L002,X
45100386,0010,M200072,3000,HR,128.46,100,P300,L003,
45100386,0020,M200164,2000,BOX,55.2,1,P100,L002,
45100386,0030,M200102,2000,BOX,470.35,1,P200,L001,
45100386,0040,M200153,500,L,841.12,1,P400,L001,
45100387,0010,M200068,20,CS,159.83,10,P100,L001,
45100387,0020,M200043,25,EA,132.43,1,P400,L002,
45100387,0030,M200089,300,HR,182.51,100,P100,L002,
45100387,0040,M200163,100,KG,245.86,100,P200,L002,
45100387,0050,M200172,750,PAL,187.92,100,P300,L002,
45100387,0060,M200193,5,L,8.34,10,P300,L002,
45100387,0070,M200074,200,HR,84.97,1,P200,L001,
45100388,0010,M200040,200,HR,71.72,100,P400,L003,
45100388,0020,M200188,10,CS,112.96,10,P200,L001,
45100388,0030,M200166,500,HR,185.69,10,P200,L001,
45100389,0010,M200138,500,BOX,42.84,1,P400,L002,
45100389,0020,M200168,5,PAL,200.4,1,P400,L001,
45100390,0010,M200183,25,HR,8.78,100,P200,L002,
45100390,0020,M200129,20,CS,67.06,1,P300,L001,
45100390,0030,M200004,1500,EA,230.25,1,P100,L003,
45100391,0010,M200130,250,L,226.3,10,P300,L001,
45100391,0020,M200066,100,HR,65.78,10,P100,L003,
45100391,0030,M200137,750,L,16.96,100,P200,L002,
45100391,0040,M200142,5,EA,160.63,1,P200,L003,
45100391,0050,M200038,200,PAL,240.11,100,P300,L003,
45100391,0060,M200160,300,PAL,106.68,100,P200,L003,
45100391,0070,M200079,200,L,144.9,1,P400,L001,
45100391,0080,M200116,20,HR,63.82,1,P100,L001,
45100392,0010,M200139,150,HR,177.76,1,P300,L001,
45100392,0020,M200143,25,HR,148.3,1,P200,L001,
45100392,0030,M200027,10,KG,246.34,100,P400,L001,
45100392,0040,M200041,25,PAL,245.86,100,P100,L003,
45100392,0050,M200055,20,KG,30.72,1,P100,L001,
45100393,0010,M200005,750,EA,130.74,10,P400,L002,
45100393,0020,M200008,1500,PAL,158.03,100,P400,L003,
45100394,0010,M200022,1500,CS,210.95,1,P300,L001,
45100394,0020,M200061,2500,PAL,839.27,1,P100,L003,
45100394,0030,M200013,3000,CS,284.91,100,P200,L001,
45100394,0040,M200105,2500,CS,318.93,1,P100,L001,
45100394,0050,M200198,1500,EA,760.01,1,P100,L002,
45100394,0060,M200072,1500,L,550.08,1,P300,L001,
45100395,0010,M200111,500,HR,408.77,1,P100,L003,
45100395,0020,M200095,500,L,123.56,1,P300,L001,
45100395,0030,M200139,3000,L,389.0,100,P300,L003,
45100395,0040,M200134,2000,PAL,362.19,1,P400,L002,
45100396,0010,M200037,250,BOX,181.54,100,P400,L001,
45100396,0020,M200118,5,CS,132.22,100,P400,L003,
45100396,0030,M200163,10,PAL,118.38,10,P100,L002,X
45100397,0010,M200110,100,KG,113.66,1,P400,L002,X
45100397,0020,M200153,20,KG,6.06,1,P200,L002,
45100398,0010,M200092,1500,BOX,240.87,100,P200,L002,X
45100398,0020,M200021,1500,PAL,1.96,100,P300,L001,
45100398,0030,M200119,100,L,127.87,1,P400,L002,
45100398,0040,M200181,500,EA,187.11,10,P300,L002,
45100399,0010,M200025,500,PAL,199.41,100,P200,L002,
45100399,0020,M200183,150,PAL,235.02,10,P300,L001,
45100399,0030,M200155,100,BOX,128.3,1,P400,L001,
45100400,0010,M200068,750,HR,91.93,1,P100,L003,
45100400,0020,M200076,200,L,208.44,1,P300,L002,
45100401,0010,M200148,20,KG,211.22,1,P400,L001,
45100401,0020,M200005,5,HR,16.31,10,P200,L003,
45100401,0030,M200105,5,L,115.11,1,P200,L002,
45100401,0040,M200121,250,KG,41.16,100,P300,L003,
45100401,0050,M200072,5,EA,22.7,100,P200,L001,
45100401,0060,M200184,25,BOX,22.98,10,P100,L002,
45100401,0070,M200139,1000,CS,93.6,10,P100,L001,
45100401,0080,M200144,750,HR,188.39,1,P100,L001,
45100402,0010,M200157,1500,KG,116.22,1,P100,L002,
45100402,0020,M200021,2000,HR,11.38,1,P200,L002,
45100402,0030,M200146,25,KG,11.44,10,P100,L002,
45100402,0040,M200175,5,EA,239.27,1,P100,L003,
45100403,0010,M200183,750,L,73.61,1,P400,L002,
45100403,0020,M200147,1500,KG,214.44,1,P200,L003,
45100403,0030,M200121,10,CS,103.65,1,P200,L002,
45100404,0010,M200138,25,EA,225.47,1,P100,L002,
45100404,0020,M200040,1000,L,140.59,100,P400,L001,
45100404,0030,M200018,2000,BOX,74.54,1,P400,L002,
45100405,0010,M200062,1500,L,229.64,10,P100,L002,
45100405,0020,M200140,5,BOX,186.46,10,P200,L003,
45100405,0030,M200184,2000,L,75.24,100,P200,L003,
45100405,0040,M200046,1000,L,57.35,1,P400,L001,
45100406,0010,M200014,1500,BOX,111.36,1,P100,L002,
45100406,0020,M200159,100,L,20.48,10,P200,L001,
45100406,0030,M200187,5,CS,148.72,100,P300,L002,
45100407,0010,M200180,750,L,7.38,100,P100,L001,
45100407,0020,M200022,200,EA,194.84,10,P100,L003,
45100407,0030,M200005,100,KG,201.46,10,P400,L001,
45100408,0010,M200163,150,EA,179.41,1,P200,L002,
45100408,0020,M200069,10,HR,170.81,1,P100,L003,
45100408,0030,M200113,1000,L,198.57,100,P300,L001,X
45100408,0040,M200107,1000,CS,175.06,1,P100,L002,
45100408,0050,M200055,750,CS,232.66,1,P300,L002,
45100409,0010,M200009,50,BOX,11.43,10,P100,L002,
45100409,0020,M200034,300,BOX,137.91,1,P300,L003,X
45100409,0030,M200060,1000,HR,207.39,1,P100,L002,
45100409,0040,M200174,25,PAL,242.47,1,P200,L003,
45100410,0010,M200072,20,L,234.45,1,P400,L001,
45100410,0020,M200179,50,CS,16.57,100,P300,L003,
45100410,0030,M200025,500,KG,84.53,100,P200,L003,
45100410,0040,M200195,25,CS,227.37,100,P300,L001,
45100411,0010,M200009,150,EA,240.96,100,P100,L003,X
45100411,0020,M200147,2000,BOX,227.25,100,P100,L001,
45100412,0010,M200123,5,L,194.68,1,P400,L003,
45100412,0020,M200175,750,KG,222.5,1,P200,L003,
45100412,0030,M200079,750,PAL,240.81,1,P200,L001,X
45100412,0040,M200126,150,BOX,189.81,1,P300,L002,X
45100413,0010,M200090,5,CS,18.68,1,P400,L002,
45100414,0010,M200048,10,L,115.11,1,P200,L003,
45100414,0020,M200048,300,HR,175.76,1,P200,L001,
45100414,0030,M200025,5,EA,184.44,1,P100,L003,
45100414,0040,M200108,500,CS,12.08,1,P100,L003,
45100415,0010,M200106,50,PAL,61.12,1,P100,L001,
45100415,0020,M200114,1000,KG,34.45,1,P300,L003,
45100416,0010,M200117,1000,L,219.18,100,P400,L002,
45100416,0020,M200048,20,EA,148.56,100,P400,L002,
45100416,0030,M200012,1500,KG,60.45,1,P100,L003,
45100417,0010,M200134,10,KG,64.33,10,P100,L003,
45100417,0020,M200001,10,BOX,23.16,1,P200,L001,
45100418,0010,M200047,150,KG,175.26,1,P100,L003,
45100419,0010,M200044,100,EA,226.77,100,P100,L003,
45100419,0020,M200126,5,HR,171.76,100,P100,L002,
45100419,0030,M200029,150,PAL,53.25,1,P300,L003,
45100419,0040,M200187,2000,PAL,78.58,10,P400,L001,
45100420,0010,M200143,5,PAL,177.35,1,P200,L002,
45100420,0020,M200180,1500,PAL,54.38,100,P400,L003,
45100421,0010,M200149,2000,BOX,43.51,100,P300,L002,
45100421,0020,M200080,5,CS,164.51,100,P200,L001,
45100421,0030,M200123,5,KG,13.97,100,P200,L003,
45100421,0040,M200033,2000,HR,209.75,1,P200,L003,
45100422,0010,M200023,1000,L,464.18,1,P200,L003,
45100422,0020,M200192,1000,EA,408.24,100,P200,L003,X
45100422,0030,M200033,750,HR,674.57,1,P200,L001,
45100423,0010,M200039,1500,KG,33.23,10,P400,L002,
45100424,0010,M200027,100,KG,179.6,1,P200,L003,
45100424,0020,M200086,150,EA,63.74,1,P100,L003,
45100424,0030,M200015,750,L,198.37,1,P400,L002,
45100425,0010,M200150,300,EA,134.55,1,P100,L003,X
45100425,0020,M200042,10,PAL,104.22,1,P400,L002,
45100426,0010,M200041,750,PAL,238.97,1,P100,L001,
45100426,0020,M200190,1500,PAL,69.34,100,P400,L002,
45100426,0030,M200146,1000,EA,217.22,1,P400,L002,X
45100426,0040,M200015,150,L,139.52,1,P400,L002,
45100427,0010,M200011,25,BOX,175.26,1,P100,L003,
45100427,0020,M200101,100,L,15.58,100,P300,L002,
45100428,0010,M200111,2000,BOX,632.13,1,P200,L003,
45100428,0020,M200003,750,L,563.84,10,P200,L001,
45100428,0030,M200099,500,KG,799.75,1,P300,L001,
45100429,0010,M200171,2000,KG,207.27,1,P300,L002,
45100429,0020,M200026,250,HR,212.61,1,P400,L003,
45100429,0030,M200159,750,EA,155.88,10,P200,L003,
45100430,0010,M200183,500,EA,150.4,10,P300,L001,
45100430,0020,M200087,25,CS,221.9,1,P400,L001,
45100431,0010,M200094,25,PAL,56.62,1,P200,L001,
45100431,0020,M200062,10,EA,176.75,1,P400,L002,X
45100432,0010,M200069,1500,L,116.99,10,P300,L002,
45100432,0020,M200117,300,BOX,178.17,1,P300,L001,
45100432,0030,M200062,100,BOX,141.3,1,P400,L002,
45100433,0010,M200129,1000,BOX,16.36,1,P300,L001,
45100433,0020,M200088,100,L,6.02,1,P300,L003,
45100433,0030,M200079,10,PAL,203.78,1,P400,L003,
45100433,0040,M200096,150,PAL,99.57,10,P200,L001,
45100433,0050,M200062,200,EA,217.59,1,P200,L001,
45100434,0010,M200031,20,L,96.51,1,P100,L003,
45100434,0020,M200167,300,PAL,49.26,1,P400,L001,
45100434,0030,M200082,25,L,179.74,1,P400,L003,
45100434,0040,M200169,200,CS,56.89,1,P100,L003,
45100434,0050,M200188,200,EA,235.07,1,P200,L001,
45100435,0010,M200187,2000,PAL,128.52,1,P300,L001,
45100435,0020,M200169,1500,L,811.82,100,P400,L002,
45100435,0030,M200175,500,HR,626.91,1,P400,L001,
45100436,0010,M200166,500,CS,6.82,100,P400,L002,
45100436,0020,M200038,2000,KG,111.46,10,P200,L003,
45100436,0030,M200175,150,L,47.48,10,P100,L001,
45100436,0040,M200016,1500,HR,12.14,1,P200,L002,
45100437,0010,M200095,500,L,491.27,1,P100,L001,
45100437,0020,M200175,1000,KG,158.82,1,P300,L002,
45100437,0030,M200050,1000,EA,72.5,1,P100,L001,
45100438,0010,M200161,10,HR,123.85,1,P100,L001,
45100438,0020,M200097,100,PAL,88.09,1,P400,L001,
45100438,0030,M200007,500,PAL,47.03,10,P200,L002,
45100438,0040,M200096,100,PAL,206.9,1,P200,L001,
45100438,0050,M200164,1000,HR,203.76,1,P200,L003,
45100439,0010,M200074,1500,L,118.68,1,P300,L001,
45100439,0020,M200109,10,BOX,127.07,1,P400,L002,
45100439,0030,M200013,200,PAL,11.87,1,P400,L003,
45100439,0040,M200031,250,CS,201.83,1,P400,L001,
45100439,0050,M200126,20,EA,99.41,1,P200,L003,
45100440,0010,M200047,10,HR,240.93,10,P400,L003,
45100440,0020,M200137,50,CS,194.95,10,P200,L002,
45100440,0030,M200068,20,KG,52.85,1,P200,L001,
45100440,0040,M200183,5,PAL,158.87,100,P300,L002,
45100441,0010,M200172,750,CS,141.74,1,P200,L003,
45100442,0010,M200097,1500,KG,222.16,1,P200,L002,
45100442,0020,M200100,1500,KG,224.32,10,P200,L001,
45100443,0010,M200015,150,L,171.08,10,P300,L001,
45100443,0020,M200002,500,BOX,79.16,100,P300,L001,
45100443,0030,M200083,5,KG,222.18,1,P200,L002,
45100443,0040,M200170,250,EA,196.24,10,P200,L003,
45100443,0050,M200122,100,HR,96.84,1,P300,L002,
45100443,0060,M200082,300,L,18.64,1,P100,L002,
45100443,0070,M200185,10,L,19.83,1,P300,L002,
45100444,0010,M200172,300,EA,180.36,100,P200,L003,
45100444,0020,M200141,100,BOX,201.31,1,P400,L001,
45100445,0010,M200044,500,BOX,616.66,100,P400,L001,
45100445,0020,M200170,750,EA,311.36,100,P200,L003,
45100445,0030,M200159,2500,BOX,502.18,10,P400,L001,
45100445,0040,M200134,1500,BOX,113.06,10,P400,L001,
45100446,0010,M200198,20,KG,109.74,10,P100,L002,
45100446,0020,M200179,250,PAL,133.92,10,P400,L002,
45100447,0010,M200054,500,HR,143.13,1,P200,L001,
45100447,0020,M200162,150,CS,82.54,1,P100,L003,
45100447,0030,M200149,100,HR,45.83,1,P200,L001,
45100448,0010,M200091,5,CS,193.76,10,P400,L002,
45100448,0020,M200145,200,HR,199.99,1,P400,L001,
45100449,0010,M200108,1000,PAL,386.3,100,P400,L002,
45100449,0020,M200147,1000,BOX,432.62,1,P400,L001,
45100450,0010,M200177,50,EA,214.55,1,P100,L002,
45100450,0020,M200081,25,HR,117.83,1,P400,L002,
45100450,0030,M200158,200,KG,110.62,1,P300,L001,
45100451,0010,M200083,5,KG,173.83,100,P400,L003,X
45100451,0020,M200095,10,L,40.8,1,P400,L002,
45100452,0010,M200061,1500,EA,78.85,1,P300,L003,
45100452,0020,M200073,500,BOX,108.94,1,P300,L002,
45100452,0030,M200075,25,HR,77.19,1,P100,L002,
45100452,0040,M200102,2000,PAL,151.07,1,P200,L003,
45100453,0010,M200149,50,BOX,56.99,1,P400,L002,X
45100453,0020,M200195,1500,HR,164.52,100,P200,L001,
45100453,0030,M200152,250,L,105.32,100,P400,L003,
45100453,0040,M200148,1500,HR,133.53,100,P300,L001,
45100453,0050,M200027,2000,EA,190.18,10,P200,L001,
45100453,0060,M200030,200,CS,190.54,10,P300,L002,
45100454,0010,M200050,500,L,177.58,10,P300,L002,
45100455,0010,M200200,5,KG,61.49,1,P300,L002,
45100455,0020,M200078,2000,BOX,16.49,100,P200,L003,
45100455,0030,M200008,2000,KG,184.46,1,P100,L001,
45100455,0040,M200053,1500,HR,115.64,10,P300,L003,
45100456,0010,M200085,100,PAL,157.19,10,P100,L003,
45100456,0020,M200021,300,PAL,54.99,1,P300,L003,
45100456,0030,M200077,50,KG,174.09,10,P400,L001,
45100456,0040,M200058,250,PAL,93.06,1,P300,L001,
45100456,0050,M200105,2000,KG,167.85,1,P100,L001,
45100456,0060,M200118,20,L,66.65,1,P100,L001,
45100456,0070,M200170,750,BOX,145.07,100,P400,L003,
45100457,0010,M200167,750,L,651.67,100,P300,L002,
45100457,0020,M200013,500,KG,734.01,10,P400,L002,
45100457,0030,M200068,3000,KG,306.78,1,P100,L001,
45100458,0010,M200094,20,EA,40.92,100,P300,L002,
45100458,0020,M200047,1000,BOX,84.53,1,P200,L001,
45100458,0030,M200040,1000,PAL,58.83,1,P100,L001,
45100459,0010,M200028,25,KG,219.51,1,P100,L001,
45100460,0010,M200113,750,EA,173.22,10,P400,L002,
45100460,0020,M200003,1500,BOX,107.0,10,P300,L002,
45100460,0030,M200192,20,EA,69.86,1,P200,L001,
45100460,0040,M200045,750,KG,145.64,1,P400,L001,
45100461,0010,M200184,20,CS,12.14,100,P300,L002,
45100461,0020,M200149,750,CS,199.39,1,P100,L002,
45100462,0010,M200170,20,CS,73.52,1,P100,L002,
45100462,0020,M200185,2000,BOX,207.92,100,P400,L003,
45100462,0030,M200027,2000,CS,119.33,10,P300,L002,
45100462,0040,M200160,1500,CS,150.38,1,P300,L001,
45100463,0010,M200059,1500,PAL,230.16,1,P400,L003,
45100463,0020,M200130,2000,CS,16.49,1,P300,L003,
45100463,0030,M200150,750,CS,86.14,10,P300,L003,
45100463,0040,M200130,750,HR,37.28,1,P400,L001,
45100464,0010,M200197,1000,EA,46.98,1,P100,L001,
45100465,0010,M200118,5,PAL,59.31,1,P400,L003,
45100465,0020,M200172,200,EA,213.84,10,P300,L003,X
45100465,0030,M200162,300,KG,38.19,1,P300,L003,
45100465,0040,M200154,750,L,221.49,1,P400,L001,
45100465,0050,M200037,150,BOX,187.24,1,P200,L003,
45100466,0010,M200093,50,CS,37.84,1,P400,L001,
45100466,0020,M200083,1000,HR,65.54,10,P200,L001,
45100466,0030,M200001,250,HR,204.21,1,P300,L002,
45100467,0010,M200005,250,L,210.23,10,P300,L001,
45100467,0020,M200006,20,CS,3.08,1,P400,L003,
45100467,0030,M200019,1000,PAL,218.8,1,P400,L002,
45100468,0010,M200047,150,BOX,158.85,1,P200,L003,
45100468,0020,M200107,50,KG,46.65,10,P400,L002,
45100468,0030,M200041,300,L,38.83,10,P100,L002,
45100468,0040,M200022,1000,KG,151.34,1,P300,L003,
45100468,0050,M200041,300,KG,71.82,1,P300,L002,
45100469,0010,M200082,1000,L,166.38,100,P400,L001,
45100469,0020,M200119,750,HR,203.18,10,P200,L003,
45100469,0030,M200171,20,CS,11.16,10,P100,L002,
45100470,0010,M200007,500,HR,138.03,1,P200,L001,
45100470,0020,M200058,250,HR,190.19,1,P100,L002,
45100470,0030,M200058,1500,HR,39.68,1,P200,L001,
45100471,0010,M200020,750,L,74.37,1,P300,L003,
45100472,0010,M200107,200,PAL,247.86,1,P100,L001,
45100472,0020,M200029,100,PAL,65.9,100,P100,L002,
45100472,0030,M200079,20,CS,209.37,1,P100,L002,
45100473,0010,M200128,500,BOX,131.34,1,P300,L003,
45100473,0020,M200189,500,BOX,100.73,10,P300,L003,
45100473,0030,M200112,20,HR,54.82,1,P100,L003,
45100473,0040,M200112,20,CS,45.17,1,P200,L001,
45100474,0010,M200073,750,KG,265.0,1,P300,L003,
45100474,0020,M200131,3000,PAL,782.59,1,P100,L002,
45100474,0030,M200115,2000,KG,696.3,100,P300,L003,
45100474,0040,M200025,750,HR,486.63,1,P100,L001,
45100475,0010,M200105,750,EA,172.2,1,P100,L001,X
45100475,0020,M200051,20,HR,135.04,1,P400,L001,
45100475,0030,M200001,500,L,12.08,1,P300,L001,
45100476,0010,M200141,5,HR,233.86,100,P200,L002,
45100476,0020,M200158,500,KG,194.7,100,P100,L001,
45100476,0030,M200137,150,HR,41.42,10,P400,L001,
45100476,0040,M200046,250,CS,248.24,1,P400,L003,
45100477,0010,M200055,200,CS,102.17,1,P300,L003,
45100477,0020,M200162,2000,PAL,202.93,10,P200,L002,
45100478,0010,M200142,1000,L,27.61,1,P200,L001,
45100478,0020,M200041,2000,KG,56.79,100,P200,L001,
45100478,0030,M200131,25,HR,87.66,1,P400,L003,
45100479,0010,M200136,100,BOX,177.21,1,P400,L002,
45100479,0020,M200025,5,HR,105.91,1,P200,L001,
45100479,0030,M200138,10,PAL,214.15,1,P200,L001,
45100479,0040,M200120,200,PAL,239.15,1,P400,L003,
45100479,0050,M200091,150,PAL,145.1,100,P200,L003,
45100480,0010,M200128,750,KG,169.05,1,P400,L002,
45100480,0020,M200103,150,PAL,191.05,100,P300,L003,
45100481,0010,M200115,50,KG,154.38,100,P200,L002,
45100481,0020,M200155,500,L,109.07,1,P400,L003,
45100481,0030,M200035,1500,PAL,152.15,10,P300,L003,
45100482,0010,M200106,300,BOX,247.12,1,P100,L002,
45100482,0020,M200102,5,BOX,140.83,100,P400,L002,
45100483,0010,M200144,500,L,154.64,100,P300,L002,
45100483,0020,M200131,1000,KG,152.26,100,P300,L001,
45100483,0030,M200063,1500,L,114.85,1,P200,L002,
45100484,0010,M200137,150,EA,73.6,100,P100,L002,
45100484,0020,M200003,300,CS,42.08,100,P400,L001,
45100485,0010,M200009,150,KG,35.32,10,P100,L002,
45100485,0020,M200142,2000,PAL,15.77,100,P200,L002,
45100485,0030,M200065,250,L,26.54,1,P100,L003,
45100485,0040,M200147,25,PAL,218.8,1,P300,L002,
45100486,0010,M200142,300,KG,148.95,10,P300,L003,
45100486,0020,M200142,150,L,246.07,1,P100,L001,
45100486,0030,M200115,100,CS,228.84,1,P100,L001,
45100486,0040,M200089,150,HR,190.06,10,P100,L003,
45100487,0010,M200092,25,HR,4.81,1,P400,L002,
45100487,0020,M200067,300,CS,48.3,10,P300,L002,
45100487,0030,M200014,1000,PAL,120.22,1,P100,L003,
45100487,0040,M200107,1000,HR,9.21,1,P200,L002,
45100488,0010,M200013,50,KG,229.77,1,P300,L001,
45100488,0020,M200012,200,BOX,68.93,1,P400,L003,
45100488,0030,M200103,2000,CS,93.87,1,P100,L002,
45100488,0040,M200200,10,KG,81.24,1,P400,L002,
45100488,0050,M200109,20,CS,46.47,1,P100,L003,X
45100489,0010,M200163,500,HR,74.08,1,P300,L002,
45100490,0010,M200078,50,PAL,171.34,1,P300,L003,
45100490,0020,M200112,20,L,24.55,1,P200,L002,X
45100490,0030,M200021,50,KG,83.59,1,P200,L001,
45100490,0040,M200153,5,EA,185.39,10,P200,L003,
45100490,0050,M200024,10,CS,232.36,10,P200,L003,
45100491,0010,M200127,150,KG,193.21,100,P200,L003,
45100492,0010,M200173,250,L,81.52,1,P300,L001,
45100492,0020,M200089,750,KG,214.87,1,P400,L001,
45100492,0030,M200084,100,BOX,153.93,10,P100,L001,
45100493,0010,M200164,500,EA,312.24,1,P400,L002,
45100493,0020,M200121,750,KG,361.2,1,P200,L002,
45100493,0030,M200136,1000,HR,775.2,1,P400,L001,
45100493,0040,M200077,1500,HR,882.98,1,P300,L002,
45100493,0050,M200155,1500,KG,333.36,100,P100,L001,
45100494,0010,M200108,1500,EA,196.99,1,P200,L003,
45100494,0020,M200154,150,KG,234.12,100,P400,L003,
45100494,0030,M200045,2000,CS,139.43,1,P200,L002,
45100494,0040,M200051,50,EA,206.89,10,P200,L002,
45100495,0010,M200032,750,BOX,76.78,1,P200,L002,
45100495,0020,M200124,1000,CS,196.17,1,P100,L003,
45100495,0030,M200028,150,L,171.55,1,P300,L002,
45100496,0010,M200189,200,BOX,185.71,1,P400,L003,
45100496,0020,M200080,25,KG,203.5,1,P300,L002,
45100497,0010,M200088,300,EA,147.09,100,P100,L003,X
45100497,0020,M200013,300,PAL,138.75,10,P200,L003,X
45100497,0030,M200060,2000,CS,171.1,1,P200,L001,
45100497,0040,M200139,150,PAL,166.06,1,P300,L001,
45100498,0010,M200189,1000,PAL,129.42,100,P400,L003,
45100498,0020,M200044,2000,PAL,219.27,10,P300,L003,
45100499,0010,M200134,250,KG,185.6,100,P100,L001,
45100499,0020,M200113,300,HR,115.96,100,P100,L001,
45100500,0010,M200164,2000,PAL,215.04,1,P400,L001,
45100500,0020,M200193,250,PAL,75.16,1,P300,L001,
45100501,0010,M200053,200,BOX,190.26,1,P400,L003,
45100501,0020,M200047,25,HR,159.73,1,P300,L002,
45100501,0030,M200030,10,CS,144.74,100,P400,L003,
45100501,0040,M200087,5,PAL,221.93,1,P200,L001,
45100501,0050,M200148,100,EA,79.25,100,P400,L002,
45100501,0060,M200057,1000,CS,93.73,1,P100,L003,
45100501,0070,M200192,1000,EA,209.12,1,P200,L001,
45100501,0080,M200006,750,HR,30.82,100,P200,L003,
45100502,0010,M200137,1500,KG,143.59,10,P300,L001,
45100502,0020,M200081,10,L,61.22,10,P100,L003,
45100503,0010,M200137,10,CS,213.97,1,P100,L002,
45100503,0020,M200035,25,L,178.8,1,P400,L001,
45100503,0030,M200179,1000,CS,132.97,1,P400,L002,
45100504,0010,M200056,100,HR,127.66,100,P400,L003,
45100504,0020,M200091,1000,KG,154.86,1,P300,L003,
45100504,0030,M200193,150,CS,23.04,1,P400,L003,
45100504,0040,M200167,1500,L,96.77,10,P200,L003,
45100504,0050,M200048,100,L,197.57,1,P100,L002,
45100505,0010,M200174,5,PAL,165.18,100,P200,L002,
45100505,0020,M200117,1500,EA,40.02,100,P400,L003,
45100506,0010,M200064,1500,L,493.05,1,P300,L001,
45100506,0020,M200175,500,BOX,79.72,100,P400,L002,
45100506,0030,M200053,2500,L,791.36,1,P400,L002,
45100506,0040,M200096,2000,EA,210.57,100,P100,L001,
45100507,0010,M200068,200,KG,105.21,10,P200,L003,
45100507,0020,M200068,50,HR,169.27,10,P100,L003,
45100507,0030,M200059,100,PAL,198.66,1,P400,L003,
45100508,0010,M200103,750,L,189.16,100,P100,L003,
45100508,0020,M200130,1000,PAL,214.62,100,P400,L002,
45100508,0030,M200194,10,L,213.99,1,P300,L003,
45100509,0010,M200126,200,EA,66.84,1,P100,L003,
45100510,0010,M200144,1000,EA,26.86,10,P300,L003,
45100510,0020,M200009,50,KG,236.8,100,P100,L003,
45100510,0030,M200141,200,BOX,163.15,1,P200,L003,
45100511,0010,M200195,200,BOX,3.97,1,P100,L001,
45100511,0020,M200155,300,EA,228.33,1,P200,L003,
45100511,0030,M200108,20,EA,136.47,10,P200,L002,
45100512,0010,M200011,10,L,163.97,1,P200,L001,
45100512,0020,M200186,100,HR,112.83,1,P100,L002,
45100512,0030,M200017,5,EA,176.97,10,P300,L001,
45100512,0040,M200041,100,L,249.46,1,P100,L001,
45100513,0010,M200080,500,EA,230.94,1,P300,L003,
45100513,0020,M200008,750,PAL,183.98,10,P200,L003,
45100513,0030,M200066,2000,CS,143.8,1,P200,L001,
45100513,0040,M200127,50,CS,198.47,1,P300,L001,
45100514,0010,M200166,25,HR,43.51,1,P100,L003,
45100514,0020,M200014,25,EA,76.72,100,P400,L001,
45100515,0010,M200122,20,EA,136.77,10,P200,L001,
45100515,0020,M200039,5,CS,8.43,1,P200,L002,
45100515,0030,M200107,20,HR,17.98,1,P200,L002,
45100515,0040,M200150,5,EA,85.07,10,P300,L001,
45100516,0010,M200035,1000,L,140.99,1,P100,L002,
45100516,0020,M200119,25,EA,188.28,1,P400,L001,
45100517,0010,M200139,150,CS,141.81,100,P400,L001,
45100517,0020,M200127,20,KG,30.43,1,P300,L003,
45100517,0030,M200191,1000,BOX,28.41,10,P100,L003,
45100518,0010,M200018,1500,BOX,2.07,1,P300,L001,
45100518,0020,M200038,25,CS,190.01,1,P200,L001,
45100519,0010,M200102,20,EA,85.91,1,P300,L001,
45100519,0020,M200188,750,HR,4.75,1,P300,L003,
45100519,0030,M200122,150,KG,154.45,1,P200,L002,
45100520,0010,M200025,2000,KG,33.07,10,P100,L003,
45100520,0020,M200077,250,HR,6.51,1,P300,L002,
45100520,0030,M200092,250,PAL,88.01,10,P100,L001,
45100521,0010,M200029,2000,L,134.49,1,P200,L002,
45100521,0020,M200104,750,CS,71.74,100,P400,L002,
45100521,0030,M200110,2000,CS,227.12,100,P400,L001,
45100522,0010,M200016,250,EA,131.62,1,P400,L002,X
45100522,0020,M200192,200,KG,205.31,100,P100,L003,
45100522,0030,M200009,50,BOX,155.12,100,P200,L001,
45100522,0040,M200012,150,EA,143.03,100,P200,L002,
45100522,0050,M200187,20,HR,208.48,1,P200,L002,
45100523,0010,M200070,5,BOX,126.29,1,P200,L003,
45100523,0020,M200106,50,L,108.21,1,P100,L001,
45100524,0010,M200191,200,HR,171.74,1,P100,L002,
45100524,0020,M200001,1000,KG,54.84,1,P100,L001,
45100525,0010,M200075,750,HR,248.52,10,P200,L003,
45100525,0020,M200002,250,EA,130.51,100,P100,L001,
45100525,0030,M200104,5,CS,6.27,1,P400,L003,
45100525,0040,M200161,1500,KG,59.16,10,P200,L002,
45100526,0010,M200137,300,CS,181.83,100,P100,L002,X
45100526,0020,M200188,50,L,136.06,1,P400,L002,
45100526,0030,M200100,5,KG,13.14,100,P300,L003,
45100527,0010,M200025,1500,HR,61.46,10,P100,L001,
45100528,0010,M200024,300,HR,139.05,1,P300,L002,
45100528,0020,M200195,1000,PAL,77.61,1,P200,L003,
45100528,0030,M200171,10,EA,91.07,1,P200,L002,
45100529,0010,M200083,1000,BOX,566.13,1,P300,L002,
45100529,0020,M200038,2000,HR,131.17,1,P300,L003,
45100530,0010,M200181,250,CS,227.61,100,P200,L001,
45100530,0020,M200132,300,BOX,230.65,1,P100,L001,
45100530,0030,M200101,5,KG,132.95,100,P100,L002,
45100531,0010,M200035,25,BOX,197.52,1,P200,L002,
45100531,0020,M200057,200,L,4.84,1,P100,L001,
45100531,0030,M200198,20,PAL,138.14,1,P100,L003,
45100531,0040,M200108,500,EA,44.58,1,P300,L003,X
45100531,0050,M200171,2000,CS,99.7,1,P100,L002,
45100532,0010,M200068,150,BOX,6.37,1,P200,L003,
45100532,0020,M200037,10,BOX,7.89,1,P200,L001,
45100532,0030,M200161,10,BOX,88.04,1,P100,L003,
45100532,0040,M200137,100,HR,3.38,10,P400,L002,
45100532,0050,M200198,2000,HR,243.4,1,P300,L002,
45100533,0010,M200079,20,HR,223.51,10,P400,L001,
45100533,0020,M200077,1500,BOX,241.62,1,P100,L002,
45100533,0030,M200094,750,BOX,186.01,1,P300,L002,
45100533,0040,M200067,100,KG,139.8,10,P100,L002,
45100533,0050,M200137,20,KG,235.08,1,P200,L002,
45100534,0010,M200116,250,EA,98.3,10,P400,L002,
45100534,0020,M200103,1500,KG,32.94,1,P400,L002,
45100534,0030,M200114,1500,PAL,211.16,100,P300,L002,
45100535,0010,M200041,5,PAL,159.96,1,P100,L001,
45100535,0020,M200028,250,CS,76.18,100,P400,L002,
45100536,0010,M200081,50,CS,203.02,1,P100,L002,
45100536,0020,M200190,150,CS,137.15,1,P200,L001,
45100536,0030,M200164,1500,BOX,63.57,1,P200,L002,
45100536,0040,M200045,150,EA,165.15,1,P300,L003,
45100537,0010,M200026,750,HR,153.31,1,P100,L003,
45100537,0020,M200064,1500,EA,167.34,1,P300,L001,
45100538,0010,M200074,1500,PAL,216.07,1,P100,L003,
45100538,0020,M200151,150,CS,134.44,10,P400,L002,
45100539,0010,M200026,750,CS,894.02,1,P200,L002,
45100539,0020,M200169,2500,HR,119.92,1,P200,L001,
45100539,0030,M200103,2000,EA,569.61,10,P100,L001,
45100540,0010,M200187,1500,HR,126.56,1,P100,L001,
45100540,0020,M200179,10,KG,148.87,100,P100,L001,
45100541,0010,M200004,50,KG,229.79,10,P100,L001,
45100541,0020,M200177,750,BOX,25.18,10,P400,L001,
45100542,0010,M200162,150,CS,221.08,1,P300,L003,
45100543,0010,M200014,250,HR,64.96,100,P300,L003,
45100543,0020,M200135,1500,L,91.48,1,P100,L001,
45100544,0010,M200058,250,L,41.83,1,P100,L002,
45100544,0020,M200143,500,PAL,216.87,10,P100,L002,
45100545,0010,M200195,750,EA,57.06,1,P400,L001,
45100546,0010,M200132,1000,EA,154.08,1,P200,L001,
45100546,0020,M200195,500,PAL,246.97,1,P400,L002,
45100546,0030,M200138,200,KG,85.04,1,P100,L002,
45100546,0040,M200144,10,CS,224.97,1,P200,L002,
45100546,0050,M200173,750,HR,137.49,1,P400,L003,X
45100546,0060,M200044,50,HR,167.45,1,P200,L001,
45100547,0010,M200048,1500,KG,30.82,100,P100,L002,
45100547,0020,M200196,250,BOX,88.43,10,P300,L002,
45100548,0010,M200114,1500,HR,353.03,100,P100,L001,
45100548,0020,M200094,750,HR,848.66,1,P300,L001,
45100548,0030,M200105,500,L,173.41,1,P400,L001,
45100548,0040,M200094,3000,EA,601.46,1,P200,L002,
45100549,0010,M200178,300,EA,134.78,1,P200,L002,
45100549,0020,M200075,10,PAL,55.49,1,P300,L001,
45100549,0030,M200154,1000,CS,19.11,1,P300,L001,
45100549,0040,M200026,2000,L,18.28,10,P300,L003,
45100550,0010,M200075,750,BOX,198.65,1,P300,L001,
45100550,0020,M200024,5,EA,81.8,1,P300,L002,
45100550,0030,M200197,200,KG,126.64,100,P400,L001,
45100550,0040,M200064,100,PAL,80.58,1,P200,L003,
45100551,0010,M200127,1000,L,25.07,1,P300,L003,
45100551,0020,M200026,100,L,65.27,10,P100,L003,
45100551,0030,M200119,25,KG,183.72,1,P200,L002,
45100551,0040,M200112,750,CS,210.72,1,P300,L002,
45100551,0050,M200120,5,KG,89.85,10,P100,L001,
45100552,0010,M200129,3000,BOX,357.41,1,P400,L003,
45100552,0020,M200193,500,KG,614.89,1,P100,L002,
45100552,0030,M200059,1500,PAL,709.87,1,P100,L002,
45100552,0040,M200084,1500,HR,620.96,1,P200,L003,
45100552,0050,M200067,2000,CS,385.26,10,P200,L002,
45100552,0060,M200133,1500,CS,897.48,10,P400,L002,
45100553,0010,M200097,25,HR,36.38,1,P200,L002,
45100553,0020,M200141,200,BOX,104.68,1,P300,L003,
45100554,0010,M200111,250,HR,209.06,100,P100,L002,
45100554,0020,M200178,1000,EA,66.18,100,P400,L003,
45100555,0010,M200178,1000,L,92.94,1,P300,L001,
45100555,0020,M200007,250,HR,235.93,100,P200,L002,
45100555,0030,M200108,10,HR,239.27,1,P400,L002,
45100556,0010,M200081,500,KG,164.23,1,P400,L002,
45100557,0010,M200153,200,BOX,177.81,1,P300,L001,
45100557,0020,M200020,750,PAL,215.73,1,P300,L001,
45100558,0010,M200104,1500,HR,32.99,1,P200,L001,
45100558,0020,M200045,20,HR,120.8,1,P100,L002,
45100559,0010,M200126,300,BOX,30.61,10,P100,L002,
45100560,0010,M200041,2000,PAL,136.03,1,P300,L002,
45100560,0020,M200104,250,PAL,58.56,1,P200,L001,
45100560,0030,M200149,25,EA,146.34,1,P200,L001,
45100561,0010,M200146,250,CS,3.97,1,P200,L003,
45100562,0010,M200020,150,EA,136.82,1,P400,L002,
45100562,0020,M200195,2000,EA,54.4,1,P400,L001,
45100562,0030,M200200,2000,EA,85.94,1,P100,L002,
45100562,0040,M200054,150,KG,208.87,1,P300,L002,
45100562,0050,M200058,10,CS,215.82,10,P200,L003,
45100563,0010,M200062,5,PAL,135.21,100,P100,L003,
45100563,0020,M200084,5,L,39.49,1,P300,L001,
45100564,0010,M200155,20,KG,115.77,1,P400,L001,
45100564,0020,M200023,2000,KG,143.36,10,P200,L002,
45100564,0030,M200077,300,CS,204.37,1,P200,L002,
45100565,0010,M200166,1500,L,43.33,1,P300,L002,
45100566,0010,M200068,750,PAL,156.84,1,P100,L002,
45100566,0020,M200130,250,CS,108.99,1,P400,L003,
45100566,0030,M200094,150,CS,211.7,1,P200,L001,
45100566,0040,M200171,2000,HR,26.27,1,P100,L001,
45100567,0010,M200096,3000,CS,852.82,1,P100,L002,
45100567,0020,M200147,750,EA,241.39,1,P200,L001,
45100567,0030,M200002,500,KG,353.89,1,P300,L003,
45100567,0040,M200089,2500,CS,146.49,1,P300,L002,
45100568,0010,M200009,1500,KG,101.5,100,P300,L003,
45100568,0020,M200160,1000,KG,194.05,1,P200,L002,
45100569,0010,M200042,150,PAL,33.5,100,P100,L002,
45100569,0020,M200190,500,PAL,58.01,1,P300,L002,
45100569,0030,M200149,200,EA,195.13,100,P400,L002,
45100570,0010,M200158,5,KG,29.92,1,P400,L002,
45100570,0020,M200124,50,BOX,147.21,1,P200,L001,
45100570,0030,M200099,300,KG,193.83,1,P100,L003,
45100571,0010,M200160,10,CS,146.7,1,P400,L002,
45100572,0010,M200124,25,L,180.78,1,P400,L002,
45100572,0020,M200039,1500,HR,127.42,10,P300,L002,
45100573,0010,M200180,2000,EA,155.39,1,P400,L001,X
45100573,0020,M200147,20,PAL,165.13,100,P300,L002,
45100573,0030,M200070,25,EA,41.97,1,P100,L002,
45100574,0010,M200091,100,EA,23.97,1,P200,L001,
45100574,0020,M200027,25,L,166.71,1,P400,L002,
45100575,0010,M200036,200,L,151.56,1,P300,L003,
45100576,0010,M200040,250,EA,136.54,1,P300,L003,
45100576,0020,M200029,20,PAL,184.12,1,P300,L003,
45100576,0030,M200011,200,BOX,158.69,100,P200,L001,
45100576,0040,M200194,300,KG,147.6,100,P400,L002,
45100576,0050,M200159,20,EA,85.4,100,P300,L002,
45100577,0010,M200086,250,HR,196.51,1,P200,L003,
45100578,0010,M200083,150,HR,177.8,10,P200,L002,
45100579,0010,M200131,2500,L,459.92,100,P200,L002,
45100579,0020,M200056,1000,CS,592.0,1,P100,L003,
45100580,0010,M200045,1500,KG,87.92,1,P200,L002,
45100580,0020,M200170,150,HR,42.42,1,P400,L001,
45100580,0030,M200049,1000,PAL,63.36,1,P100,L001,
45100580,0040,M200044,20,CS,61.8,1,P100,L002,
45100581,0010,M200003,5,CS,151.57,10,P400,L001,
45100581,0020,M200114,20,EA,102.77,1,P300,L002,
45100582,0010,M200149,500,L,215.07,10,P300,L003,X
45100582,0020,M200184,2500,KG,113.64,1,P200,L001,
45100582,0030,M200052,750,PAL,200.99,1,P400,L001,
45100583,0010,M200098,5,CS,173.86,10,P100,L003,
45100583,0020,M200125,5,HR,80.43,1,P400,L001,
45100583,0030,M200192,1500,BOX,210.22,10,P400,L001,
45100583,0040,M200056,250,HR,178.45,1,P100,L001,
45100583,0050,M200059,20,BOX,50.37,10,P100,L002,
45100584,0010,M200058,10,HR,51.79,1,P400,L001,X
45100584,0020,M200159,50,L,178.28,10,P300,L001,
45100584,0030,M200184,150,EA,87.57,1,P100,L003,
45100585,0010,M200121,2000,HR,97.4,1,P400,L002,
45100586,0010,M200109,750,CS,52.5,1,P300,L001,
45100586,0020,M200012,50,CS,220.06,1,P400,L002,
45100586,0030,M200026,250,PAL,110.62,1,P400,L003,
45100586,0040,M200049,50,KG,174.48,1,P200,L002,
45100586,0050,M200114,50,L,192.99,1,P400,L001,
45100587,0010,M200200,1000,L,49.49,10,P300,L002,
45100587,0020,M200003,100,KG,218.6,100,P300,L003,
45100587,0030,M200195,150,KG,140.07,1,P300,L003,
45100587,0040,M200051,150,PAL,183.62,1,P100,L003,X
45100587,0050,M200001,100,PAL,57.17,1,P300,L002,
45100587,0060,M200069,10,KG,98.01,1,P200,L002,
45100588,0010,M200009,1000,PAL,55.48,100,P100,L002,
45100588,0020,M200013,200,L,211.68,10,P100,L002,
45100588,0030,M200130,50,PAL,69.31,10,P100,L002,
45100589,0010,M200193,1500,BOX,163.13,1,P400,L002,
45100589,0020,M200120,500,KG,219.27,1,P400,L003,
45100589,0030,M200018,500,L,74.59,1,P300,L003,
45100590,0010,M200016,200,KG,119.11,1,P100,L001,
45100590,0020,M200079,5,L,174.53,100,P400,L001,
45100590,0030,M200061,150,L,188.35,10,P100,L002,
45100590,0040,M200059,25,HR,111.33,10,P200,L001,X
45100591,0010,M200113,25,HR,6.05,10,P400,L003,
45100591,0020,M200031,2000,PAL,34.34,1,P400,L002,
45100591,0030,M200122,500,PAL,70.66,1,P100,L003,
45100591,0040,M200166,150,PAL,82.61,100,P300,L003,
45100592,0010,M200100,1000,BOX,51.71,10,P200,L002,
45100592,0020,M200044,250,HR,173.55,100,P400,L002,X
45100592,0030,M200081,500,CS,81.0,1,P300,L003,
45100593,0010,M200178,5,BOX,65.96,100,P400,L003,
45100593,0020,M200140,150,CS,170.86,10,P100,L002,
45100593,0030,M200048,5,CS,190.75,10,P200,L003,
45100593,0040,M200174,200,EA,48.32,100,P200,L003,
45100594,0010,M200146,250,CS,232.66,10,P100,L003,
45100594,0020,M200180,2000,L,192.48,1,P400,L001,
45100595,0010,M200002,150,PAL,205.68,1,P300,L001,
45100595,0020,M200075,5,KG,51.96,100,P200,L001,
45100596,0010,M200084,500,L,247.4,100,P100,L001,
45100596,0020,M200199,300,PAL,244.61,10,P100,L002,
45100597,0010,M200088,500,CS,423.31,1,P300,L003,
45100597,0020,M200070,2500,KG,825.59,1,P200,L001,
45100598,0010,M200178,1500,HR,185.23,10,P100,L002,
45100598,0020,M200002,500,BOX,94.54,1,P200,L003,
45100598,0030,M200166,300,PAL,215.99,1,P100,L002,
45100598,0040,M200065,300,CS,230.29,1,P100,L002,X
45100599,0010,M200199,10,EA,119.25,100,P200,L002,
45100599,0020,M200011,2000,BOX,12.46,1,P100,L003,
45100599,0030,M200017,20,BOX,100.83,100,P200,L003,
45100599,0040,M200141,500,KG,217.59,1,P300,L003,
45100600,0010,M200170,5,CS,114.68,100,P300,L003,
45100600,0020,M200166,500,BOX,69.26,1,P400,L003,X
45100600,0030,M200152,10,HR,179.95,10,P100,L001,
45100600,0040,M200104,20,BOX,4.38,1,P200,L001,
45100601,0010,M200015,1000,HR,201.21,10,P200,L003,
45100601,0020,M200068,50,L,54.98,100,P400,L003,
45100601,0030,M200165,100,L,249.58,10,P100,L001,
45100601,0040,M200189,50,HR,202.72,1,P300,L001,
45100601,0050,M200096,150,KG,149.37,100,P100,L001,
45100602,0010,M200064,20,EA,138.05,1,P400,L002,
45100602,0020,M200181,25,EA,152.71,10,P100,L001,
45100602,0030,M200076,150,KG,79.9,1,P100,L002,
45100602,0040,M200179,150,CS,64.33,1,P400,L002,
45100602,0050,M200072,5,HR,242.74,10,P300,L003,
45100602,0060,M200031,1500,L,179.35,10,P400,L001,
45100602,0070,M200071,150,HR,103.07,1,P200,L001,
45100603,0010,M200119,1000,PAL,156.42,100,P400,L002,
45100603,0020,M200034,300,L,77.95,10,P200,L001,
45100603,0030,M200066,300,KG,131.35,1,P200,L002,
45100604,0010,M200099,150,BOX,18.63,10,P400,L001,
45100605,0010,M200157,2000,PAL,222.48,100,P200,L003,
45100605,0020,M200155,750,CS,137.27,1,P300,L003,
45100605,0030,M200103,250,PAL,116.27,10,P400,L003,
45100606,0010,M200112,50,EA,30.79,1,P200,L001,
45100606,0020,M200065,1500,PAL,62.13,1,P200,L003,
45100607,0010,M200196,10,PAL,39.11,1,P400,L001,X
45100607,0020,M200018,50,L,12.89,10,P400,L001,
45100607,0030,M200186,10,HR,239.17,1,P200,L001,
45100607,0040,M200188,10,PAL,54.82,1,P100,L001,
45100608,0010,M200083,2000,KG,159.07,100,P400,L001,X
45100608,0020,M200157,150,PAL,161.28,10,P300,L001,
45100608,0030,M200171,20,HR,74.56,1,P300,L003,
45100608,0040,M200167,5,KG,129.89,1,P300,L001,X
45100609,0010,M200110,300,BOX,235.63,1,P300,L003,
45100610,0010,M200146,1000,CS,136.53,1,P300,L002,
45100610,0020,M200002,200,EA,164.89,1,P100,L002,
45100610,0030,M200105,2000,EA,131.78,100,P300,L002,
45100611,0010,M200188,1000,HR,72.95,1,P300,L001,
45100611,0020,M200079,50,BOX,30.57,1,P300,L001,
45100612,0010,M200124,300,HR,79.28,10,P100,L001,
45100613,0010,M200051,20,HR,18.78,1,P100,L001,
45100613,0020,M200194,1000,PAL,165.98,1,P200,L003,
45100613,0030,M200160,1500,HR,146.17,1,P200,L003,
45100614,0010,M200011,50,KG,183.07,1,P300,L002,
45100614,0020,M200074,300,PAL,0.52,1,P400,L002,X
45100614,0030,M200192,150,PAL,216.57,1,P300,L001,
45100614,0040,M200002,1500,HR,117.87,1,P100,L003,
45100614,0050,M200121,5,HR,244.38,100,P300,L001,
45100614,0060,M200062,20,HR,216.04,100,P300,L001,
45100615,0010,M200066,300,EA,203.58,100,P300,L003,X
45100615,0020,M200089,750,PAL,20.22,1,P300,L002,
45100615,0030,M200184,300,CS,98.4,1,P200,L003,
45100615,0040,M200102,500,EA,123.23,10,P100,L001,
45100616,0010,M200004,50,HR,80.07,1,P100,L003,
45100616,0020,M200005,25,CS,151.25,100,P200,L001,
45100616,0030,M200139,500,EA,52.65,10,P400,L001,
45100616,0040,M200190,5,HR,60.02,1,P400,L003,
45100617,0010,M200178,5,HR,165.19,100,P100,L001,
45100617,0020,M200041,750,PAL,84.82,10,P300,L003,
45100617,0030,M200154,1500,KG,51.33,1,P300,L003,
45100617,0040,M200052,2000,EA,47.87,10,P300,L002,
45100617,0050,M200129,2000,PAL,13.83,10,P400,L001,
45100618,0010,M200143,5,BOX,149.35,1,P100,L003,
45100618,0020,M200024,1500,PAL,180.86,1,P200,L001,
45100618,0030,M200175,2000,CS,36.74,10,P400,L001,
45100618,0040,M200138,250,L,84.96,1,P300,L001,
45100618,0050,M200062,500,KG,30.27,100,P400,L001,
45100618,0060,M200117,500,CS,168.22,1,P200,L001,
45100619,0010,M200121,5,HR,119.27,1,P300,L003,
45100619,0020,M200123,750,HR,239.67,1,P200,L003,
45100619,0030,M200021,1000,BOX,16.35,10,P100,L003,
45100619,0040,M200187,300,KG,68.44,10,P400,L002,
45100620,0010,M200064,750,L,189.86,10,P100,L002,
45100620,0020,M200004,750,KG,96.4,100,P300,L001,
45100620,0030,M200125,250,CS,226.85,1,P200,L002,
45100621,0010,M200014,1500,BOX,85.3,1,P400,L001,
45100621,0020,M200034,500,HR,804.03,10,P300,L001,
45100621,0030,M200151,2000,EA,780.64,1,P100,L001,
45100621,0040,M200190,1000,KG,74.49,1,P100,L003,
45100621,0050,M200041,1500,HR,702.28,1,P400,L003,
45100622,0010,M200029,500,PAL,206.18,10,P100,L001,
45100622,0020,M200137,5,BOX,33.7,10,P300,L002,
45100622,0030,M200170,50,L,202.92,100,P200,L001,
45100622,0040,M200192,300,PAL,70.74,1,P300,L001,
45100623,0010,M200005,250,HR,30.63,100,P400,L002,
45100623,0020,M200136,50,KG,221.64,1,P300,L002,
45100623,0030,M200041,20,CS,149.48,1,P200,L001,
45100624,0010,M200081,150,HR,95.28,1,P400,L001,
45100624,0020,M200036,250,L,106.05,10,P100,L002,
45100624,0030,M200164,1000,KG,105.69,10,P100,L001,
45100625,0010,M200017,250,L,91.61,1,P300,L001,
45100625,0020,M200018,25,BOX,170.01,1,P400,L002,
45100626,0010,M200014,250,L,110.29,1,P300,L001,
45100626,0020,M200078,25,EA,61.7,1,P300,L002,
45100626,0030,M200015,150,HR,242.17,1,P200,L001,
45100627,0010,M200120,5,PAL,80.17,10,P100,L003,
45100628,0010,M200165,1500,PAL,539.24,10,P300,L003,
45100628,0020,M200055,500,BOX,380.09,100,P200,L001,
45100628,0030,M200183,2500,PAL,274.27,100,P400,L002,
45100629,0010,M200176,750,BOX,706.2,10,P400,L003,
45100629,0020,M200068,2500,KG,55.08,1,P200,L001,X
45100630,0010,M200126,25,KG,47.82,1,P400,L001,
45100630,0020,M200035,300,KG,249.57,10,P300,L002,X
45100630,0030,M200144,100,KG,60.4,1,P400,L002,
45100631,0010,M200168,50,KG,41.75,10,P200,L003,
45100631,0020,M200041,750,KG,133.96,1,P200,L001,
45100631,0030,M200176,5,KG,144.02,1,P100,L001,
45100632,0010,M200195,20,CS,129.31,1,P200,L001,
45100632,0020,M200127,10,HR,151.36,100,P200,L003,X
45100633,0010,M200085,100,CS,215.57,1,P300,L003,
45100633,0020,M200100,2000,EA,231.53,1,P400,L003,
45100633,0030,M200160,25,EA,138.0,1,P100,L001,X
45100634,0010,M200073,25,KG,168.52,1,P400,L003,
45100634,0020,M200039,200,KG,112.63,10,P200,L001,
45100635,0010,M200186,750,PAL,240.04,10,P400,L002,
45100635,0020,M200008,200,CS,1.36,100,P300,L001,
45100635,0030,M200009,300,L,78.64,100,P300,L001,
45100635,0040,M200022,1500,HR,9.88,10,P300,L003,
45100636,0010,M200070,500,EA,162.18,10,P400,L002,
45100636,0020,M200110,150,BOX,34.86,100,P100,L002,
45100636,0030,M200004,5,CS,61.66,10,P200,L003,
45100637,0010,M200104,50,CS,236.49,1,P300,L003,
45100637,0020,M200081,200,PAL,161.6,1,P100,L003,
45100638,0010,M200179,300,CS,170.01,100,P300,L003,
45100638,0020,M200066,2000,PAL,176.66,10,P100,L003,
45100639,0010,M200081,1500,EA,70.88,1,P200,L002,
45100639,0020,M200112,25,L,32.33,1,P300,L002,
45100639,0030,M200026,750,KG,137.24,100,P100,L003,
45100639,0040,M200027,300,L,72.44,1,P200,L002,X
45100639,0050,M200180,20,EA,171.42,10,P200,L001,
45100640,0010,M200136,2000,HR,76.39,10,P300,L001,
45100640,0020,M200164,100,KG,99.72,10,P400,L001,
45100640,0030,M200199,250,PAL,35.77,1,P200,L002,
45100641,0010,M200124,100,EA,164.49,1,P100,L002,
45100641,0020,M200099,10,HR,246.87,1,P300,L003,
45100641,0030,M200103,200,L,187.02,100,P300,L002,X
45100641,0040,M200174,250,L,107.38,10,P300,L003,
45100642,0010,M200174,25,PAL,242.78,100,P400,L001,
45100642,0020,M200031,1500,EA,135.98,100,P200,L002,
45100642,0030,M200103,5,KG,25.19,1,P300,L002,
45100642,0040,M200176,150,PAL,237.8,1,P400,L003,
45100642,0050,M200103,100,L,188.03,1,P400,L002,
45100642,0060,M200045,200,L,108.02,1,P100,L001,
45100643,0010,M200134,1000,CS,104.02,100,P200,L002,
45100643,0020,M200092,150,EA,95.96,1,P300,L001,
45100644,0010,M200078,10,L,192.58,100,P400,L002,X
45100644,0020,M200052,250,KG,101.93,100,P400,L001,
45100645,0010,M200082,200,CS,216.88,1,P400,L001,
45100645,0020,M200105,5,KG,220.53,1,P300,L001,
45100645,0030,M200132,150,HR,15.66,1,P300,L003,
45100645,0040,M200157,250,HR,56.22,100,P300,L003,
45100645,0050,M200069,300,HR,3.52,10,P100,L003,
45100646,0010,M200148,20,BOX,210.25,1,P200,L003,
45100647,0010,M200100,50,PAL,131.89,1,P300,L001,
45100647,0020,M200091,1000,CS,94.72,10,P300,L003,
45100647,0030,M200004,100,PAL,124.82,1,P300,L003,X
45100647,0040,M200087,1500,PAL,157.17,100,P100,L001,
45100647,0050,M200111,20,EA,179.45,1,P300,L001,
45100648,0010,M200012,25,CS,242.38,1,P200,L002,
45100648,0020,M200157,1500,CS,4.88,1,P300,L001,
45100649,0010,M200191,500,BOX,115.23,1,P400,L002,
45100649,0020,M200094,500,EA,77.54,100,P400,L003,
45100649,0030,M200176,750,PAL,40.16,1,P200,L003,
45100649,0040,M200165,1500,PAL,99.41,100,P300,L001,
45100650,0010,M200166,25,CS,42.49,10,P100,L003,
45100650,0020,M200185,150,PAL,179.25,1,P200,L002,
45100651,0010,M200133,10,KG,212.4,10,P200,L003,X
45100651,0020,M200104,1500,KG,147.79,1,P300,L001,
45100651,0030,M200136,1000,CS,23.04,100,P200,L002,
45100651,0040,M200098,100,CS,205.51,100,P300,L002,
45100651,0050,M200152,5,CS,233.42,1,P200,L001,
45100652,0010,M200168,10,BOX,112.85,100,P100,L001,
45100652,0020,M200059,500,BOX,206.97,1,P100,L003,
45100652,0030,M200196,100,BOX,206.07,100,P400,L001,
45100652,0040,M200142,1000,L,116.77,10,P300,L003,
45100653,0010,M200114,200,BOX,78.83,1,P100,L003,
45100653,0020,M200176,1500,EA,113.38,1,P400,L003,
45100654,0010,M200083,300,BOX,14.99,100,P300,L002,
45100654,0020,M200156,750,CS,156.98,1,P400,L003,
45100654,0030,M200068,250,PAL,111.1,1,P100,L001,
45100654,0040,M200176,150,BOX,20.28,1,P400,L003,
45100655,0010,M200162,500,CS,150.86,1,P100,L003,
45100655,0020,M200140,20,EA,232.14,100,P400,L003,
45100655,0030,M200026,1000,PAL,33.89,1,P400,L001,
45100655,0040,M200100,1000,HR,212.53,100,P100,L001,
45100656,0010,M200057,1000,BOX,37.11,100,P200,L002,
45100656,0020,M200060,50,KG,226.37,100,P400,L003,
45100656,0030,M200117,25,EA,178.61,1,P400,L002,
45100657,0010,M200106,250,CS,195.84,1,P200,L002,
45100657,0020,M200115,1000,EA,121.97,1,P100,L001,
45100657,0030,M200169,10,KG,81.06,1,P100,L003,
45100657,0040,M200082,500,BOX,226.31,1,P200,L003,
45100657,0050,M200123,300,PAL,169.04,1,P300,L003,
45100658,0010,M200080,250,L,134.58,1,P100,L002,
45100658,0020,M200124,500,EA,229.98,1,P200,L001,
45100658,0030,M200083,5,CS,50.01,100,P400,L001,
45100659,0010,M200199,300,PAL,19.12,1,P400,L002,
45100660,0010,M200037,500,KG,243.39,1,P300,L002,
45100660,0020,M200068,200,BOX,143.84,1,P100,L001,
45100660,0030,M200109,1500,HR,107.1,1,P100,L001,
45100660,0040,M200035,100,PAL,120.2,10,P200,L001,
45100660,0050,M200128,200,L,176.75,1,P200,L003,
45100661,0010,M200101,1000,PAL,185.89,1,P200,L003,
45100661,0020,M200085,100,PAL,230.48,1,P200,L001,
45100661,0030,M200077,150,EA,213.71,1,P100,L003,
45100661,0040,M200190,250,L,62.24,10,P400,L001,
45100661,0050,M200054,50,L,198.78,10,P300,L002,
45100662,0010,M200191,300,HR,89.51,1,P100,L003,
45100662,0020,M200190,10,PAL,106.46,10,P100,L002,X
45100662,0030,M200042,10,KG,128.65,1,P400,L003,
45100663,0010,M200074,25,EA,197.04,1,P300,L003,
45100664,0010,M200015,300,HR,64.16,100,P200,L003,
45100664,0020,M200116,5,L,184.12,1,P200,L003,
45100665,0010,M200062,1000,KG,233.59,1,P400,L003,
45100665,0020,M200192,300,EA,181.64,100,P400,L003,
45100666,0010,M200049,150,BOX,113.38,1,P400,L002,
45100666,0020,M200020,20,EA,249.35,10,P200,L002,
45100666,0030,M200009,1000,KG,212.33,1,P200,L003,
45100666,0040,M200057,300,L,147.3,1,P100,L001,
45100666,0050,M200109,25,PAL,222.83,10,P300,L003,
45100666,0060,M200025,1500,BOX,113.36,1,P300,L001,
45100666,0070,M200071,150,CS,30.51,1,P100,L003,
45100667,0010,M200090,200,EA,76.36,10,P300,L002,
45100667,0020,M200036,1000,CS,94.54,1,P100,L003,
45100667,0030,M200126,20,CS,95.21,1,P300,L003,
45100667,0040,M200098,500,PAL,84.05,100,P200,L003,
45100667,0050,M200176,150,BOX,212.78,1,P100,L002,
45100668,0010,M200141,2500,L,876.88,1,P300,L001,
45100668,0020,M200054,1000,CS,714.53,1,P300,L003,
45100668,0030,M200037,750,KG,824.01,100,P100,L002,
45100669,0010,M200060,50,EA,231.33,1,P400,L003,
45100669,0020,M200022,500,L,120.81,100,P200,L001,
45100669,0030,M200030,750,L,195.53,10,P400,L003,
45100669,0040,M200055,20,EA,218.77,1,P300,L001,
45100670,0010,M200113,500,BOX,109.14,1,P200,L001,
45100670,0020,M200096,5,PAL,15.41,100,P400,L001,
45100670,0030,M200053,10,PAL,81.48,1,P300,L001,
45100670,0040,M200137,20,BOX,158.01,1,P400,L003,
45100671,0010,M200012,500,PAL,101.64,100,P300,L002,
45100671,0020,M200085,200,CS,209.82,10,P100,L001,
45100671,0030,M200149,25,HR,61.48,1,P300,L002,
45100671,0040,M200191,5,KG,101.36,1,P200,L001,
45100672,0010,M200111,100,CS,244.21,1,P100,L003,
45100672,0020,M200036,50,KG,185.35,1,P300,L001,X
45100673,0010,M200010,100,EA,19.31,1,P200,L001,
45100673,0020,M200103,2000,BOX,62.84,100,P200,L001,
45100674,0010,M200010,100,EA,58.41,100,P200,L001,
45100674,0020,M200013,150,L,35.39,1,P100,L003,
45100674,0030,M200194,1500,EA,19.34,1,P300,L003,
45100674,0040,M200058,10,PAL,48.51,1,P300,L001,
45100675,0010,M200030,25,CS,40.0,100,P300,L002,
45100675,0020,M200106,50,HR,83.65,1,P300,L001,
45100675,0030,M200077,1000,CS,74.84,10,P400,L001,
45100675,0040,M200150,150,PAL,107.63,1,P200,L003,
45100675,0050,M200150,25,L,109.6,10,P400,L003,
45100675,0060,M200063,500,L,143.43,1,P200,L003,
45100675,0070,M200060,150,L,208.79,1,P300,L003,
45100675,0080,M200099,100,BOX,203.61,100,P100,L002,
45100676,0010,M200041,1000,L,61.95,100,P100,L003,
45100676,0020,M200107,10,L,67.02,1,P200,L001,
45100676,0030,M200149,100,HR,40.23,10,P300,L002,
45100676,0040,M200082,25,HR,84.85,100,P400,L001,
45100676,0050,M200197,250,PAL,222.11,1,P200,L002,
45100676,0060,M200182,150,CS,123.72,100,P200,L002,
45100676,0070,M200122,20,EA,160.42,10,P200,L003,
45100677,0010,M200083,25,L,235.08,1,P400,L003,
45100677,0020,M200192,25,BOX,167.35,1,P400,L001,
45100677,0030,M200138,50,KG,141.59,100,P200,L003,
45100678,0010,M200140,500,CS,19.75,1,P300,L001,
45100679,0010,M200026,2000,BOX,195.51,1,P400,L001,X
45100679,0020,M200006,1000,BOX,52.45,1,P400,L001,
45100679,0030,M200043,1500,CS,193.43,1,P300,L003,
45100679,0040,M200124,2000,PAL,178.04,100,P200,L002,
45100679,0050,M200147,10,KG,33.39,1,P300,L002,
45100680,0010,M200077,1000,CS,110.78,1,P300,L003,
45100680,0020,M200037,300,HR,247.88,1,P400,L003,
45100680,0030,M200193,25,BOX,229.33,1,P100,L002,
45100681,0010,M200151,2000,HR,75.49,1,P400,L003,
45100681,0020,M200171,500,EA,27.9,10,P400,L003,
45100681,0030,M200118,300,EA,102.79,1,P400,L003,
45100681,0040,M200058,100,KG,55.56,1,P100,L001,
45100682,0010,M200090,1000,CS,143.02,1,P400,L003,
45100682,0020,M200155,750,L,146.48,1,P200,L001,
45100682,0030,M200070,200,KG,229.45,10,P400,L003,
45100682,0040,M200176,250,L,198.74,1,P100,L003,
45100682,0050,M200177,10,L,182.23,1,P400,L002,
45100682,0060,M200010,50,EA,227.22,1,P100,L002,X
45100682,0070,M200073,500,PAL,177.74,1,P100,L001,
45100683,0010,M200042,20,EA,132.64,10,P400,L001,
45100683,0020,M200140,750,EA,241.22,100,P100,L001,
45100683,0030,M200032,1000,CS,50.54,100,P300,L002,
45100684,0010,M200016,100,KG,49.77,10,P100,L003,
45100684,0020,M200172,200,EA,209.41,100,P100,L001,
45100685,0010,M200021,1000,L,120.4,1,P400,L001,
45100685,0020,M200035,750,CS,24.89,1,P100,L001,
45100686,0010,M200002,2000,KG,130.43,1,P300,L001,
45100686,0020,M200137,1500,BOX,158.18,1,P200,L002,
45100687,0010,M200156,2000,KG,454.97,1,P400,L002,
45100687,0020,M200110,2000,KG,110.99,1,P100,L003,
45100687,0030,M200158,500,EA,887.99,100,P300,L001,
45100687,0040,M200039,500,EA,291.37,1,P200,L001,
45100688,0010,M200014,300,BOX,166.03,1,P400,L001,
45100688,0020,M200065,100,CS,84.62,1,P200,L003,
45100688,0030,M200080,5,EA,35.16,1,P300,L002,
45100689,0010,M200182,2500,BOX,511.38,100,P300,L003,
45100689,0020,M200092,2000,BOX,563.83,100,P200,L001,X
45100689,0030,M200028,1000,PAL,645.64,10,P400,L002,
45100689,0040,M200103,2000,KG,359.45,1,P200,L001,
45100689,0050,M200186,1500,EA,182.65,1,P300,L002,
45100690,0010,M200003,5,BOX,166.0,1,P300,L003,
45100690,0020,M200029,25,CS,1.77,10,P400,L001,
45100690,0030,M200180,200,PAL,194.62,1,P100,L001,
45100691,0010,M200106,250,BOX,150.08,1,P100,L002,
45100692,0010,M200121,20,BOX,48.45,1,P100,L002,
45100692,0020,M200169,20,KG,57.73,100,P200,L001,
45100692,0030,M200040,5,L,134.24,10,P300,L001,
45100692,0040,M200092,300,PAL,149.08,1,P100,L002,
45100692,0050,M200186,250,CS,67.36,100,P100,L001,
45100692,0060,M200027,10,HR,234.04,1,P100,L002,
45100693,0010,M200114,20,KG,191.65,100,P200,L001,
45100693,0020,M200112,10,L,160.07,1,P400,L003,
45100693,0030,M200154,200,CS,131.29,1,P200,L003,X
45100694,0010,M200077,3000,EA,294.54,1,P200,L002,
45100694,0020,M200086,3000,CS,157.31,100,P100,L003,
45100694,0030,M200121,1000,PAL,729.89,1,P100,L001,
45100694,0040,M200131,750,HR,837.39,1,P400,L001,
45100695,0010,M200144,750,HR,242.03,1,P400,L003,
45100695,0020,M200030,20,HR,24.79,100,P400,L002,
45100695,0030,M200062,750,CS,100.92,100,P100,L002,
45100695,0040,M200142,100,L,228.78,1,P300,L003,
45100695,0050,M200140,50,CS,47.05,1,P400,L003,
45100695,0060,M200146,5,HR,172.52,1,P200,L003,
45100695,0070,M200140,5,BOX,94.63,1,P400,L002,
45100695,0080,M200062,200,KG,189.16,1,P400,L001,
45100696,0010,M200114,10,BOX,231.65,10,P100,L002,
45100696,0020,M200142,20,EA,89.75,1,P300,L001,
45100696,0030,M200103,300,PAL,40.6,100,P400,L002,
45100697,0010,M200128,2000,CS,45.5,1,P300,L003,
45100697,0020,M200191,2000,KG,63.01,1,P300,L003,X
45100697,0030,M200009,10,L,113.87,1,P300,L001,
45100697,0040,M200088,1500,KG,99.88,1,P300,L003,
45100697,0050,M200118,1500,L,239.19,1,P400,L001,
45100698,0010,M200097,20,EA,69.75,1,P400,L001,
45100698,0020,M200196,25,KG,164.46,100,P300,L003,
45100698,0030,M200092,2000,KG,55.95,1,P300,L003,
45100699,0010,M200135,25,BOX,12.0,1,P200,L003,
45100699,0020,M200048,300,HR,150.22,10,P200,L001,
45100699,0030,M200041,20,PAL,207.39,1,P300,L001,
45100700,0010,M200197,2000,KG,30.25,1,P200,L002,
45100700,0020,M200054,1500,BOX,247.63,1,P400,L001,
45100701,0010,M200193,25,EA,30.72,1,P200,L003,
45100702,0010,M200092,20,EA,38.23,10,P100,L003,
45100702,0020,M200028,25,PAL,160.93,1,P300,L003,
45100703,0010,M200022,5,PAL,1.01,1,P200,L003,
45100703,0020,M200088,10,BOX,94.51,1,P300,L002,
45100703,0030,M200174,750,L,123.31,100,P300,L002,
45100704,0010,M200187,300,BOX,249.38,1,P200,L001,
45100704,0020,M200200,750,L,201.05,1,P200,L003,
45100705,0010,M200167,200,HR,116.64,100,P100,L002,
45100705,0020,M200075,750,BOX,72.34,1,P400,L001,
45100705,0030,M200031,50,PAL,236.27,1,P200,L003,
45100705,0040,M200027,500,EA,113.11,10,P400,L002,
45100706,0010,M200089,500,KG,118.0,10,P100,L001,X
45100706,0020,M200148,250,KG,22.09,1,P400,L003,
45100706,0030,M200170,1000,EA,180.48,1,P200,L001,
45100706,0040,M200173,150,EA,119.88,100,P400,L001,
45100707,0010,M200162,25,BOX,84.16,1,P200,L001,
45100707,0020,M200032,100,PAL,146.65,1,P200,L002,
45100707,0030,M200133,50,HR,161.96,1,P400,L001,
45100708,0010,M200074,20,CS,151.77,1,P100,L001,X
45100708,0020,M200192,200,KG,207.63,1,P200,L001,
45100709,0010,M200037,2500,L,342.89,100,P400,L002,
45100709,0020,M200033,2500,BOX,869.78,1,P100,L002,
45100709,0030,M200052,1000,CS,472.39,100,P100,L002,
45100709,0040,M200135,3000,KG,130.11,1,P100,L002,
45100709,0050,M200042,750,HR,383.98,10,P400,L001,
45100710,0010,M200037,20,BOX,248.36,1,P300,L001,
45100710,0020,M200064,1500,BOX,91.68,10,P300,L002,
45100710,0030,M200106,250,L,110.6,1,P400,L001,
45100710,0040,M200148,750,L,92.22,1,P100,L002,
45100711,0010,M200002,300,BOX,32.84,100,P400,L002,
45100711,0020,M200086,10,CS,36.18,1,P400,L001,
45100711,0030,M200107,200,HR,45.24,1,P300,L003,X
45100711,0040,M200113,1000,PAL,54.27,1,P200,L001,
45100712,0010,M200112,1000,CS,164.36,1,P200,L001,
45100712,0020,M200075,200,BOX,137.75,1,P300,L002,
45100712,0030,M200186,200,PAL,214.56,1,P300,L001,
45100712,0040,M200075,500,HR,13.46,1,P200,L001,
45100712,0050,M200136,10,KG,73.5,100,P200,L001,
45100712,0060,M200166,2000,HR,39.44,1,P300,L002,
45100712,0070,M200102,150,BOX,191.6,10,P100,L002,
45100712,0080,M200162,500,KG,35.59,100,P400,L001,X
45100713,0010,M200036,3000,CS,178.82,1,P300,L003,
45100713,0020,M200033,3000,BOX,265.16,100,P200,L001,
45100713,0030,M200055,2000,BOX,433.66,10,P100,L003,
45100714,0010,M200139,150,PAL,124.94,1,P200,L002,X
45100714,0020,M200086,500,HR,63.67,1,P400,L003,
45100714,0030,M200144,2000,L,105.12,100,P100,L001,
45100714,0040,M200038,300,L,92.71,1,P200,L002,
45100714,0050,M200168,5,CS,19.82,1,P300,L002,
45100714,0060,M200089,2000,CS,132.88,1,P100,L001,
45100714,0070,M200188,300,PAL,159.91,1,P300,L002,
45100714,0080,M200016,5,L,68.35,1,P300,L002,
45100715,0010,M200020,25,HR,208.49,1,P100,L002,
45100715,0020,M200056,50,BOX,114.79,1,P100,L001,
45100715,0030,M200164,10,EA,230.58,100,P300,L002,
45100715,0040,M200029,1500,BOX,204.0,100,P300,L001,
45100716,0010,M200010,2000,KG,115.92,1,P400,L003,
45100716,0020,M200144,750,HR,51.45,1,P400,L001,
45100716,0030,M200133,150,BOX,245.25,100,P400,L001,
45100716,0040,M200147,1500,BOX,207.99,10,P300,L003,
45100716,0050,M200134,500,KG,50.2,10,P100,L002,
45100717,0010,M200008,250,L,52.24,1,P300,L002,
45100717,0020,M200018,100,PAL,105.78,10,P200,L003,
45100717,0030,M200094,25,KG,144.84,100,P200,L002,
45100717,0040,M200103,20,HR,24.02,10,P300,L003,
45100718,0010,M200139,50,CS,232.29,10,P400,L003,
45100718,0020,M200002,1500,CS,194.2,1,P200,L003,
45100718,0030,M200041,200,CS,45.1,10,P400,L003,
45100718,0040,M200166,50,KG,79.51,1,P100,L001,
45100718,0050,M200133,50,L,106.9,1,P100,L003,
45100719,0010,M200002,2000,PAL,141.29,10,P200,L003,
45100720,0010,M200196,25,CS,139.11,1,P400,L002,
45100720,0020,M200192,10,CS,30.66,100,P300,L001,
45100720,0030,M200178,200,HR,163.29,10,P200,L001,
45100721,0010,M200114,3000,EA,112.21,1,P300,L001,
45100721,0020,M200173,2500,L,234.12,1,P300,L003,
45100721,0030,M200178,500,HR,887.64,100,P400,L001,
45100721,0040,M200150,1000,HR,142.09,100,P400,L002,
45100722,0010,M200117,50,BOX,10.65,100,P400,L003,
45100722,0020,M200050,1000,L,66.87,1,P300,L001,
45100722,0030,M200073,500,KG,95.28,1,P200,L002,
45100723,0010,M200047,1500,KG,22.52,1,P300,L001,
45100723,0020,M200181,200,EA,5.8,1,P400,L003,
45100724,0010,M200030,2000,L,720.3,1,P100,L002,X
45100724,0020,M200180,2500,EA,108.86,1,P400,L001,X
45100724,0030,M200009,2000,KG,346.35,1,P300,L002,
45100724,0040,M200154,3000,BOX,522.86,1,P200,L002,
45100724,0050,M200129,500,HR,354.43,100,P200,L001,
45100725,0010,M200146,1500,EA,63.41,1,P400,L003,
45100726,0010,M200062,20,CS,6.22,1,P100,L002,
45100727,0010,M200105,100,BOX,36.99,100,P200,L002,
45100727,0020,M200086,1500,L,222.3,1,P400,L003,
45100727,0030,M200001,1000,EA,9.08,1,P100,L003,
45100727,0040,M200013,50,EA,166.8,10,P100,L002,
45100727,0050,M200007,1000,PAL,84.81,1,P200,L002,
45100727,0060,M200103,25,HR,182.54,1,P200,L002,
45100728,0010,M200056,300,BOX,178.34,1,P100,L001,
45100729,0010,M200010,2000,PAL,497.37,100,P200,L001,
45100729,0020,M200134,1000,EA,53.02,100,P100,L001,
45100729,0030,M200060,500,L,859.06,1,P200,L003,
45100729,0040,M200160,1000,HR,91.96,1,P400,L002,
45100730,0010,M200107,20,BOX,133.68,1,P100,L001,
45100730,0020,M200173,150,HR,130.22,1,P300,L002,
45100730,0030,M200066,200,CS,211.78,1,P200,L001,
45100730,0040,M200023,100,EA,170.38,1,P200,L001,
45100731,0010,M200052,200,PAL,154.87,1,P200,L001,
45100731,0020,M200032,50,HR,35.41,10,P200,L002,
45100731,0030,M200188,100,CS,162.09,1,P400,L002,
45100731,0040,M200177,10,CS,127.52,10,P400,L001,
45100731,0050,M200139,25,CS,102.59,1,P400,L003,
45100732,0010,M200092,10,EA,182.31,10,P200,L002,
45100732,0020,M200045,20,PAL,46.43,10,P400,L002,
45100733,0010,M200003,750,PAL,172.1,10,P400,L001,
45100733,0020,M200084,20,KG,137.8,100,P100,L002,
45100733,0030,M200150,1000,KG,79.84,100,P100,L001,
45100733,0040,M200160,200,BOX,116.48,10,P300,L003,
45100734,0010,M200007,1500,PAL,47.4,100,P300,L003,
45100734,0020,M200082,2000,EA,18.57,1,P100,L002,
45100734,0030,M200200,100,BOX,120.97,100,P200,L003,
45100734,0040,M200036,1500,PAL,88.44,10,P300,L001,
45100734,0050,M200113,500,EA,28.98,1,P400,L001,
45100734,0060,M200167,1000,L,11.37,100,P200,L002,
45100735,0010,M200047,200,PAL,140.51,10,P300,L003,
45100735,0020,M200013,25,HR,160.82,1,P200,L001,
45100736,0010,M200039,500,L,3.79,100,P400,L003,X
45100736,0020,M200071,300,KG,188.68,1,P400,L003,
45100737,0010,M200047,25,KG,212.82,10,P200,L001,
45100737,0020,M200005,20,BOX,221.67,1,P400,L003,
45100737,0030,M200035,50,CS,196.48,10,P400,L001,
45100737,0040,M200147,100,BOX,60.18,1,P100,L003,
45100738,0010,M200177,1000,EA,160.68,1,P300,L002,
45100739,0010,M200095,500,BOX,194.35,10,P300,L001,
45100739,0020,M200139,1000,BOX,52.47,1,P300,L002,
45100739,0030,M200085,10,HR,70.53,10,P400,L002,
45100740,0010,M200171,1500,HR,67.28,1,P300,L003,
45100740,0020,M200059,2000,HR,88.62,100,P400,L003,
45100740,0030,M200107,200,CS,54.35,10,P300,L003,
45100740,0040,M200040,1500,EA,165.92,10,P400,L002,
45100740,0050,M200002,2000,PAL,152.43,1,P200,L003,
45100741,0010,M200144,500,KG,207.37,1,P300,L001,
45100741,0020,M200187,300,BOX,172.78,100,P100,L002,X
45100742,0010,M200079,1000,L,15.36,1,P200,L003,
45100742,0020,M200119,750,KG,205.77,1,P400,L001,
45100743,0010,M200195,1000,PAL,49.44,1,P400,L002,
45100743,0020,M200190,2000,BOX,35.9,100,P300,L002,
45100743,0030,M200089,500,HR,242.39,1,P200,L003,
45100743,0040,M200017,20,BOX,84.1,1,P100,L002,X
45100743,0050,M200034,750,HR,159.19,1,P300,L001,
45100743,0060,M200144,50,EA,52.82,1,P100,L001,
45100743,0070,M200153,1000,L,171.1,1,P200,L002,
45100743,0080,M200195,25,L,20.13,1,P100,L001,
45100744,0010,M200008,1500,L,42.13,1,P200,L002,
45100744,0020,M200039,150,PAL,210.2,10,P200,L003,
45100744,0030,M200178,250,EA,91.19,1,P200,L003,
45100745,0010,M200075,10,L,65.26,10,P100,L003,
45100745,0020,M200161,300,EA,58.42,1,P100,L002,
45100745,0030,M200078,1500,L,89.69,1,P400,L003,X
45100745,0040,M200196,20,BOX,118.74,100,P100,L002,
45100745,0050,M200064,50,BOX,96.63,1,P100,L003,
45100746,0010,M200109,750,HR,190.74,1,P400,L002,
45100746,0020,M200045,150,CS,7.67,1,P100,L003,
45100747,0010,M200101,5,KG,147.49,1,P400,L003,
45100747,0020,M200155,150,CS,60.5,1,P300,L001,
45100747,0030,M200127,50,EA,84.23,1,P200,L001,
45100748,0010,M200108,25,BOX,169.34,1,P200,L001,
45100748,0020,M200059,1000,CS,132.99,100,P100,L002,
45100749,0010,M200024,50,HR,162.73,1,P200,L002,
45100750,0010,M200077,5,L,214.83,1,P200,L003,
45100751,0010,M200034,100,BOX,191.89,10,P400,L002,
45100751,0020,M200157,10,EA,179.72,1,P100,L003,
45100751,0030,M200067,2000,KG,21.73,1,P300,L001,
45100751,0040,M200158,25,L,228.88,1,P100,L003,
45100751,0050,M200041,300,HR,121.21,1,P100,L002,X
45100751,0060,M200038,300,HR,29.12,10,P200,L002,
45100752,0010,M200017,25,BOX,214.38,100,P100,L002,
45100752,0020,M200158,750,EA,13.87,100,P400,L001,
45100752,0030,M200040,10,KG,148.63,1,P400,L003,
45100753,0010,M200114,500,KG,115.4,10,P100,L001,
45100753,0020,M200145,500,PAL,113.08,1,P400,L003,
45100753,0030,M200153,300,HR,210.2,1,P300,L001,
45100753,0040,M200071,5,L,3.08,1,P100,L001,
45100754,0010,M200134,250,KG,123.84,100,P100,L001,
45100754,0020,M200080,100,HR,220.18,1,P300,L003,
45100754,0030,M200195,5,BOX,59.82,1,P300,L001,
45100754,0040,M200185,25,CS,68.65,10,P300,L002,
45100754,0050,M200138,750,HR,36.98,10,P100,L001,
45100755,0010,M200141,20,HR,111.88,1,P100,L002,
45100755,0020,M200063,150,L,15.5,100,P300,L001,
45100755,0030,M200026,250,KG,164.55,1,P300,L001,
45100756,0010,M200190,500,KG,182.94,10,P100,L003,
45100756,0020,M200106,150,KG,210.35,1,P100,L003,
45100756,0030,M200123,750,KG,95.4,1,P400,L003,
45100756,0040,M200181,500,L,121.78,10,P200,L001,
45100757,0010,M200021,750,L,179.46,1,P400,L001,
45100757,0020,M200112,50,KG,140.38,1,P300,L001,
45100757,0030,M200118,250,EA,93.14,1,P100,L003,
45100757,0040,M200165,100,L,65.26,1,P400,L003,
45100758,0010,M200089,150,L,205.76,100,P200,L002,
45100758,0020,M200021,200,KG,111.81,1,P400,L001,
45100758,0030,M200062,100,PAL,100.5,1,P400,L002,
45100759,0010,M200057,100,EA,91.18,1,P400,L001,
45100759,0020,M200135,750,BOX,71.98,1,P200,L003,
45100760,0010,M200184,50,CS,166.97,1,P300,L002,
45100760,0020,M200098,200,KG,106.35,1,P100,L002,
45100760,0030,M200029,1000,EA,114.54,1,P300,L001,
45100761,0010,M200048,250,L,57.08,100,P400,L003,
45100761,0020,M200054,50,BOX,120.06,1,P400,L002,
45100761,0030,M200145,300,BOX,127.87,10,P100,L001,
45100761,0040,M200144,25,CS,1.25,1,P200,L002,
45100761,0050,M200165,150,KG,182.37,1,P300,L003,
45100762,0010,M200038,750,CS,246.96,100,P100,L003,
45100763,0010,M200015,100,BOX,149.78,1,P100,L001,
45100763,0020,M200013,750,BOX,234.19,1,P100,L001,
45100764,0010,M200132,50,KG,120.21,100,P200,L001,
45100764,0020,M200030,750,BOX,146.06,10,P100,L002,
45100764,0030,M200115,300,PAL,182.41,100,P300,L003,
45100764,0040,M200073,300,PAL,112.47,100,P100,L002,
45100764,0050,M200035,200,EA,31.5,1,P400,L002,
45100764,0060,M200092,750,PAL,24.18,100,P100,L001,
45100765,0010,M200162,500,CS,213.61,1,P400,L001,
45100765,0020,M200105,1500,KG,23.98,100,P400,L002,
45100766,0010,M200046,1500,HR,188.45,1,P400,L003,
45100767,0010,M200125,250,PAL,18.22,100,P200,L003,
45100767,0020,M200182,500,PAL,145.4,100,P100,L002,
45100767,0030,M200043,5,HR,28.9,1,P100,L002,
45100767,0040,M200127,25,L,198.94,1,P100,L002,
45100767,0050,M200177,150,KG,230.27,1,P100,L002,
45100768,0010,M200069,5,PAL,188.7,1,P300,L003,
45100768,0020,M200015,200,KG,168.3,100,P300,L003,
45100768,0030,M200133,100,CS,126.13,1,P400,L001,
45100768,0040,M200151,1000,PAL,207.8,1,P400,L002,
45100769,0010,M200162,20,KG,227.74,1,P100,L002,
45100769,0020,M200018,300,CS,175.29,1,P300,L003,
45100770,0010,M200190,1000,CS,856.38,10,P400,L001,
45100770,0020,M200028,2500,CS,892.74,1,P400,L001,
45100770,0030,M200139,1000,BOX,535.73,1,P300,L001,
45100770,0040,M200186,750,CS,263.94,1,P300,L002,
45100770,0050,M200014,3000,PAL,57.38,10,P400,L003,
45100770,0060,M200087,2000,CS,89.22,10,P300,L002,
45100770,0070,M200149,1000,PAL,165.27,1,P200,L003,
45100771,0010,M200199,100,KG,162.89,1,P400,L002,
45100771,0020,M200018,25,KG,240.77,10,P200,L002,
45100771,0030,M200123,20,HR,30.7,1,P300,L001,
45100771,0040,M200047,20,L,162.79,1,P300,L001,
45100771,0050,M200135,1500,CS,180.6,1,P400,L003,
45100771,0060,M200048,25,HR,108.75,1,P100,L001,
45100772,0010,M200080,50,L,42.46,100,P300,L001,
45100772,0020,M200172,20,EA,173.44,1,P300,L001,
45100772,0030,M200079,150,BOX,88.08,1,P100,L003,
45100772,0040,M200110,10,HR,244.98,10,P300,L001,
45100772,0050,M200148,10,L,77.58,1,P200,L003,
45100773,0010,M200050,5,BOX,80.32,1,P300,L002,
45100773,0020,M200176,300,HR,14.42,1,P400,L001,
45100774,0010,M200019,500,EA,50.31,10,P300,L003,
45100774,0020,M200192,300,PAL,247.52,1,P200,L001,
45100775,0010,M200111,500,PAL,234.17,10,P200,L001,
45100776,0010,M200138,10,BOX,142.39,1,P100,L003,
45100776,0020,M200194,300,KG,169.36,100,P200,L002,
45100776,0030,M200168,1500,HR,37.62,1,P400,L002,
45100776,0040,M200132,25,HR,67.9,1,P200,L002,
45100776,0050,M200138,25,PAL,238.09,1,P200,L002,
45100776,0060,M200189,150,PAL,109.33,100,P300,L003,X
45100777,0010,M200093,50,CS,44.34,1,P200,L002,
45100777,0020,M200035,100,PAL,86.21,10,P300,L001,
45100778,0010,M200148,100,CS,41.19,100,P300,L003,
45100778,0020,M200123,500,CS,216.47,1,P400,L003,
45100778,0030,M200109,100,L,52.78,100,P100,L002,
45100778,0040,M200012,200,L,31.59,100,P200,L001,X
45100778,0050,M200152,300,CS,85.39,1,P400,L001,
45100779,0010,M200190,300,HR,161.44,10,P400,L002,
45100779,0020,M200138,300,PAL,64.92,1,P400,L003,
45100779,0030,M200180,1500,CS,160.8,10,P100,L001,
45100779,0040,M200160,2000,BOX,20.97,1,P200,L003,
45100780,0010,M200184,10,BOX,84.51,10,P300,L002,
45100780,0020,M200084,500,EA,85.01,100,P400,L001,
45100780,0030,M200099,500,BOX,73.49,100,P200,L001,
45100780,0040,M200054,300,L,221.95,10,P300,L001,
45100781,0010,M200072,1000,L,227.38,1,P400,L002,
45100781,0020,M200148,25,CS,121.38,1,P100,L001,
45100781,0030,M200192,2000,L,44.9,100,P400,L001,
45100781,0040,M200180,300,PAL,42.37,1,P400,L001,
45100782,0010,M200034,2500,L,883.29,1,P300,L003,
45100782,0020,M200110,3000,HR,692.23,1,P100,L003,
45100782,0030,M200194,2000,KG,599.8,1,P400,L003,
45100782,0040,M200172,1000,BOX,324.61,1,P100,L003,
45100782,0050,M200006,750,CS,772.63,10,P400,L003,
45100783,0010,M200157,25,HR,0.88,1,P300,L001,
45100783,0020,M200182,200,BOX,87.89,10,P400,L001,
45100784,0010,M200107,5,KG,236.37,10,P200,L002,
45100784,0020,M200073,500,KG,148.99,10,P400,L003,
45100785,0010,M200027,10,PAL,168.73,1,P200,L001,
45100785,0020,M200174,10,BOX,119.46,1,P400,L001,
45100785,0030,M200115,50,L,216.66,10,P400,L002,
45100785,0040,M200106,150,KG,61.63,10,P400,L003,
45100786,0010,M200158,1500,PAL,803.5,10,P300,L002,
45100786,0020,M200096,2500,PAL,631.52,1,P300,L003,
45100786,0030,M200036,1500,PAL,771.18,10,P300,L001,
45100787,0010,M200122,200,BOX,105.26,10,P300,L001,
45100787,0020,M200039,1500,EA,120.26,10,P300,L001,
45100787,0030,M200114,25,L,74.86,1,P300,L002,
45100787,0040,M200167,25,CS,15.32,100,P100,L001,
45100788,0010,M200072,1000,HR,726.86,10,P300,L003,
45100789,0010,M200075,50,HR,86.18,100,P300,L003,
45100789,0020,M200094,100,KG,238.48,1,P200,L002,
45100789,0030,M200009,500,HR,228.9,1,P100,L002,
45100790,0010,M200147,10,HR,18.0,1,P300,L003,
45100790,0020,M200171,1500,L,105.64,1,P400,L002,
45100790,0030,M200023,10,PAL,170.87,1,P200,L003,
45100790,0040,M200071,150,BOX,19.59,1,P400,L002,
45100790,0050,M200024,500,PAL,191.15,10,P400,L003,X
45100791,0010,M200188,150,PAL,100.27,10,P200,L003,
45100791,0020,M200190,750,L,33.73,10,P300,L003,
45100792,0010,M200165,750,PAL,284.79,1,P200,L001,
45100793,0010,M200048,150,BOX,227.11,1,P300,L002,
45100793,0020,M200175,300,KG,133.99,1,P200,L001,
45100794,0010,M200056,250,EA,97.44,1,P300,L002,
45100795,0010,M200055,300,PAL,209.58,1,P400,L003,
45100795,0020,M200087,50,KG,114.07,1,P200,L001,
45100795,0030,M200156,50,L,26.23,1,P200,L003,
45100795,0040,M200058,100,CS,248.03,100,P400,L002,
45100795,0050,M200128,50,BOX,24.33,1,P200,L002,
45100796,0010,M200003,100,KG,128.77,1,P300,L002,
45100796,0020,M200137,10,CS,87.64,100,P300,L003,
45100797,0010,M200141,100,PAL,86.26,100,P100,L003,
45100797,0020,M200181,1000,HR,243.38,1,P400,L002,
45100798,0010,M200029,200,BOX,86.62,100,P200,L001,
45100798,0020,M200025,25,PAL,78.11,100,P100,L003,
45100799,0010,M200188,25,EA,240.15,1,P300,L002,
45100799,0020,M200033,300,HR,245.52,1,P300,L001,
45100800,0010,M200095,200,PAL,186.27,1,P100,L003,
45100801,0010,M200017,100,PAL,39.11,1,P300,L001,
45100801,0020,M200076,150,HR,22.49,1,P100,L002,
45100802,0010,M200051,5,CS,238.09,1,P200,L001,
45100802,0020,M200079,5,L,112.72,100,P100,L003,
45100802,0030,M200013,2000,PAL,185.23,1,P300,L003,
45100802,0040,M200082,150,BOX,185.48,10,P200,L003,
45100802,0050,M200084,10,L,195.88,1,P100,L001,
45100802,0060,M200158,2000,CS,149.69,1,P200,L001,
45100803,0010,M200159,1000,HR,26.19,10,P100,L003,
45100803,0020,M200165,750,BOX,154.16,1,P100,L003,
45100804,0010,M200041,50,HR,33.93,1,P400,L003,
45100804,0020,M200129,20,KG,171.91,10,P300,L003,
45100804,0030,M200167,150,CS,209.0,100,P400,L001,X
45100804,0040,M200050,50,HR,124.39,1,P100,L001,
45100805,0010,M200170,500,CS,158.52,1,P400,L001,
45100805,0020,M200142,200,HR,12.76,1,P200,L001,X
45100805,0030,M200166,200,HR,228.26,1,P300,L003,
45100805,0040,M200033,1000,L,48.25,10,P100,L001,
45100805,0050,M200023,100,L,46.97,1,P300,L003,
45100805,0060,M200165,750,EA,232.47,100,P400,L001,
45100806,0010,M200142,3000,EA,722.6,1,P300,L001,
45100806,0020,M200092,1000,CS,803.45,10,P400,L003,
45100807,0010,M200011,300,HR,6.31,1,P300,L002,
45100807,0020,M200177,25,L,9.3,10,P300,L003,
45100807,0030,M200111,20,CS,55.53,100,P400,L003,
45100807,0040,M200131,750,BOX,220.08,1,P400,L003,
45100808,0010,M200160,25,CS,18.98,10,P100,L002,
45100809,0010,M200036,300,CS,6.25,1,P100,L003,
45100809,0020,M200143,5,BOX,230.57,10,P300,L003,
45100809,0030,M200021,300,CS,154.04,1,P100,L001,
45100809,0040,M200195,750,HR,64.46,100,P300,L003,
45100809,0050,M200044,300,HR,72.82,1,P100,L002,
45100810,0010,M200013,25,L,77.25,1,P200,L003,
45100810,0020,M200024,150,HR,118.82,1,P300,L003,
45100810,0030,M200169,150,HR,123.61,100,P300,L003,
45100810,0040,M200104,500,CS,132.42,10,P300,L002,
45100811,0010,M200043,1000,L,166.05,100,P200,L001,
45100811,0020,M200043,250,HR,225.32,1,P200,L001,
45100811,0030,M200054,150,EA,224.62,100,P300,L002,
45100811,0040,M200077,1500,HR,105.89,10,P400,L003,X
45100811,0050,M200103,100,L,200.53,1,P400,L002,
45100811,0060,M200148,1500,L,143.92,1,P200,L001,
45100812,0010,M200021,100,BOX,224.36,1,P200,L003,
45100812,0020,M200126,250,L,177.28,1,P100,L003,
45100813,0010,M200135,500,BOX,221.89,1,P400,L002,
45100813,0020,M200031,750,CS,163.15,100,P400,L002,
45100814,0010,M200157,100,BOX,196.89,1,P300,L003,
45100814,0020,M200029,150,PAL,110.43,100,P400,L001,
45100814,0030,M200003,5,CS,141.65,1,P300,L003,
45100814,0040,M200048,1500,EA,28.01,1,P100,L001,
45100814,0050,M200084,200,PAL,163.23,1,P200,L002,
45100815,0010,M200195,1000,PAL,186.4,1,P200,L002,
45100815,0020,M200142,300,EA,157.29,1,P400,L003,
45100815,0030,M200022,500,CS,218.62,1,P300,L001,
45100815,0040,M200051,250,L,1.75,1,P200,L002,
45100815,0050,M200096,2000,CS,131.98,10,P400,L001,
45100815,0060,M200084,50,L,104.5,1,P300,L001,
45100815,0070,M200101,300,EA,222.69,10,P300,L003,
45100816,0010,M200180,200,KG,34.44,1,P200,L002,
45100816,0020,M200077,300,PAL,16.21,100,P200,L003,
45100816,0030,M200090,200,BOX,184.85,1,P300,L003,
45100817,0010,M200092,750,L,221.57,1,P200,L001,
45100817,0020,M200117,1500,L,80.35,1,P100,L001,
45100817,0030,M200107,25,L,235.63,1,P400,L002,
45100817,0040,M200069,750,L,99.16,10,P100,L002,
45100817,0050,M200022,1000,HR,223.48,100,P100,L003,
45100817,0060,M200117,100,BOX,92.9,1,P300,L002,
45100818,0010,M200200,100,KG,51.9,1,P400,L002,
45100819,0010,M200195,1000,HR,61.51,1,P400,L002,
45100819,0020,M200112,150,L,195.14,100,P100,L002,X
45100819,0030,M200084,750,L,153.38,1,P300,L001,
45100820,0010,M200121,200,HR,25.91,10,P200,L001,
45100820,0020,M200150,1000,L,153.32,1,P400,L002,
45100821,0010,M200077,10,CS,86.77,1,P400,L002,
45100821,0020,M200014,5,HR,27.89,1,P300,L002,
45100821,0030,M200059,50,CS,153.83,1,P200,L003,
45100822,0010,M200068,250,HR,121.2,1,P300,L002,
45100822,0020,M200129,150,L,64.01,1,P300,L002,
45100823,0010,M200125,10,L,98.68,1,P300,L002,
45100824,0010,M200039,1500,KG,36.57,1,P300,L002,
45100824,0020,M200199,750,HR,145.73,1,P400,L003,
45100824,0030,M200125,2000,L,125.65,10,P400,L001,
45100825,0010,M200136,2000,CS,65.99,1,P200,L002,
45100825,0020,M200055,750,HR,163.97,1,P400,L001,
45100826,0010,M200065,1000,BOX,148.43,10,P100,L002,
45100826,0020,M200127,300,HR,122.54,1,P300,L001,
45100827,0010,M200147,5,L,129.79,1,P400,L002,
45100827,0020,M200197,5,BOX,31.1,1,P200,L003,
45100827,0030,M200026,10,EA,115.3,100,P100,L003,
45100827,0040,M200195,200,EA,187.55,10,P400,L003,
45100828,0010,M200009,250,BOX,108.4,100,P200,L003,
45100828,0020,M200175,150,EA,226.01,1,P100,L003,
45100828,0030,M200149,1000,CS,59.47,100,P400,L002,
45100828,0040,M200064,25,L,197.75,10,P200,L002,
45100828,0050,M200092,250,HR,148.79,1,P400,L001,
45100829,0010,M200138,50,KG,194.88,1,P200,L002,
45100829,0020,M200193,300,KG,2.32,1,P200,L001,
45100829,0030,M200080,200,KG,159.0,100,P200,L002,
45100830,0010,M200058,200,L,178.21,100,P400,L002,
45100830,0020,M200017,50,HR,130.28,1,P200,L003,
45100830,0030,M200171,500,EA,13.36,10,P200,L002,
45100830,0040,M200112,100,CS,140.4,1,P400,L001,
45100830,0050,M200088,500,KG,104.06,10,P300,L003,
45100831,0010,M200130,1500,CS,494.63,100,P100,L001,
45100831,0020,M200173,750,KG,727.25,1,P300,L003,
45100832,0010,M200041,150,CS,21.11,1,P400,L003,
45100832,0020,M200038,100,CS,202.6,1,P400,L002,
45100832,0030,M200068,500,HR,68.58,1,P200,L001,
45100833,0010,M200072,2000,L,19.56,100,P100,L003,
45100833,0020,M200196,100,HR,21.79,10,P400,L001,
45100833,0030,M200005,100,HR,36.52,1,P100,L003,
45100833,0040,M200114,750,CS,107.5,1,P100,L003,
45100833,0050,M200072,200,CS,234.81,1,P400,L003,
45100833,0060,M200008,50,EA,165.64,1,P200,L001,
45100834,0010,M200025,20,EA,111.01,100,P200,L002,X
45100834,0020,M200001,200,PAL,219.67,10,P300,L002,
45100834,0030,M200012,300,HR,3.14,10,P400,L002,
45100834,0040,M200140,1000,KG,116.53,1,P300,L001,
45100835,0010,M200177,10,CS,159.31,1,P100,L002,
45100835,0020,M200073,250,PAL,211.47,10,P100,L003,
45100835,0030,M200129,1500,BOX,143.79,1,P200,L003,
45100835,0040,M200077,100,HR,199.06,1,P400,L002,
45100835,0050,M200151,10,PAL,100.62,1,P200,L003,
45100836,0010,M200065,1000,CS,142.5,100,P400,L003,X
45100836,0020,M200077,100,KG,203.68,1,P400,L003,
45100836,0030,M200142,750,EA,215.91,100,P100,L001,
45100836,0040,M200140,300,KG,98.12,1,P400,L002,
45100836,0050,M200086,10,KG,149.79,10,P200,L002,
45100836,0060,M200103,5,CS,35.58,1,P400,L003,
45100836,0070,M200194,250,EA,177.11,10,P300,L002,
45100837,0010,M200155,25,KG,193.29,1,P200,L003,
45100837,0020,M200050,1500,HR,155.58,1,P100,L002,
45100838,0010,M200084,10,CS,120.26,1,P300,L002,
45100838,0020,M200198,750,HR,86.62,1,P200,L003,
45100838,0030,M200013,1000,CS,22.56,100,P200,L001,
45100838,0040,M200085,250,L,237.9,100,P400,L003,
45100839,0010,M200087,1000,CS,215.65,10,P100,L002,
45100839,0020,M200021,200,CS,174.97,1,P100,L002,
45100839,0030,M200116,2000,EA,143.5,1,P200,L002,
45100840,0010,M200002,10,L,240.81,1,P200,L003,
45100840,0020,M200152,25,L,60.15,10,P300,L001,
45100840,0030,M200117,1500,CS,101.23,10,P400,L001,X
45100841,0010,M200080,500,L,210.78,100,P400,L003,
45100841,0020,M200060,10,CS,159.94,10,P200,L001,
45100841,0030,M200046,300,L,197.92,10,P300,L002,
45100841,0040,M200068,100,CS,29.52,1,P300,L003,
45100842,0010,M200012,50,PAL,175.38,10,P200,L001,
45100842,0020,M200089,5,BOX,214.18,1,P200,L002,
45100842,0030,M200153,1500,CS,146.13,1,P300,L002,
45100843,0010,M200028,200,EA,238.36,100,P400,L002,
45100843,0020,M200116,50,L,168.57,1,P400,L002,
45100844,0010,M200117,20,KG,97.16,100,P200,L002,
45100844,0020,M200069,5,HR,189.67,100,P100,L003,
45100845,0010,M200098,1500,PAL,87.54,10,P100,L002,
45100845,0020,M200152,300,HR,45.91,10,P100,L001,
45100846,0010,M200141,5,BOX,156.39,10,P400,L002,
45100846,0020,M200096,5,BOX,189.34,1,P400,L001,
45100847,0010,M200151,2000,KG,186.48,10,P100,L003,
45100847,0020,M200015,1000,BOX,59.97,1,P100,L001,
45100848,0010,M200048,1000,HR,8.6,100,P200,L002,
45100848,0020,M200060,500,KG,235.44,1,P100,L001,
45100848,0030,M200151,50,KG,70.34,1,P400,L003,
45100848,0040,M200097,50,PAL,177.08,1,P400,L003,
45100849,0010,M200088,250,BOX,220.05,1,P200,L003,
45100849,0020,M200035,100,PAL,60.99,1,P100,L002,
45100850,0010,M200136,250,CS,84.41,100,P400,L002,
45100850,0020,M200030,500,PAL,188.48,100,P100,L002,
45100851,0010,M200080,250,KG,200.64,1,P200,L002,
45100851,0020,M200078,100,KG,83.59,1,P400,L003,
45100852,0010,M200141,500,PAL,240.17,100,P400,L001,
45100852,0020,M200011,750,KG,147.73,1,P200,L001,
45100852,0030,M200020,5,BOX,225.54,1,P300,L003,
45100853,0010,M200054,1000,PAL,144.38,1,P400,L003,
45100853,0020,M200124,2000,KG,221.44,10,P200,L003,
45100853,0030,M200041,50,CS,142.06,10,P200,L003,
45100853,0040,M200122,300,HR,98.38,1,P100,L002,X
45100853,0050,M200050,20,CS,135.7,100,P100,L002,X
45100854,0010,M200180,20,EA,132.0,1,P300,L003,
45100855,0010,M200038,20,HR,182.79,1,P100,L003,
45100855,0020,M200093,100,L,236.81,1,P400,L002,
45100856,0010,M200169,750,CS,17.5,1,P400,L002,
45100856,0020,M200120,500,L,185.06,1,P300,L001,
45100856,0030,M200175,200,PAL,63.59,1,P100,L001,
45100856,0040,M200102,200,EA,133.87,1,P300,L003,
45100857,0010,M200049,5,KG,143.43,1,P400,L001,
45100857,0020,M200177,25,PAL,99.78,1,P400,L001,
45100858,0010,M200086,300,BOX,38.81,1,P400,L002,
45100858,0020,M200190,250,HR,85.89,1,P400,L001,
45100858,0030,M200012,10,HR,141.59,10,P400,L003,
45100859,0010,M200090,300,EA,33.11,1,P200,L003,
45100859,0020,M200091,25,KG,57.1,1,P400,L001,
45100860,0010,M200051,200,CS,146.58,100,P200,L003,
45100860,0020,M200088,500,PAL,227.18,1,P100,L001,
45100861,0010,M200155,200,HR,21.28,100,P200,L001,
45100861,0020,M200120,1500,L,234.11,1,P100,L002,
45100861,0030,M200077,1000,PAL,117.2,1,P400,L001,
45100862,0010,M200021,2000,PAL,136.58,1,P200,L002,
45100862,0020,M200121,200,HR,59.29,10,P400,L002,
45100862,0030,M200193,50,L,48.22,1,P200,L003,
45100862,0040,M200078,2000,PAL,115.88,10,P200,L003,
45100863,0010,M200122,100,EA,226.05,1,P200,L003,
45100863,0020,M200166,1500,EA,39.59,100,P100,L001,
45100863,0030,M200137,5,HR,160.36,1,P300,L002,
45100863,0040,M200108,500,EA,8.13,1,P300,L001,
45100864,0010,M200091,25,BOX,119.73,1,P300,L001,
45100864,0020,M200178,750,CS,208.41,1,P300,L002,
45100865,0010,M200057,1000,BOX,150.1,1,P100,L003,
45100865,0020,M200162,2000,EA,25.51,1,P200,L002,
45100866,0010,M200030,200,CS,46.49,1,P400,L002,
45100866,0020,M200067,1500,BOX,82.4,100,P100,L001,
45100867,0010,M200033,1000,PAL,56.08,1,P300,L002,
45100867,0020,M200042,300,KG,134.91,1,P300,L003,
45100868,0010,M200178,1000,BOX,119.43,1,P300,L001,
45100868,0020,M200006,20,CS,41.96,1,P300,L002,
45100868,0030,M200061,100,BOX,3.14,1,P200,L003,
45100868,0040,M200148,750,EA,242.86,1,P400,L002,
45100869,0010,M200166,50,L,36.84,100,P400,L001,
45100869,0020,M200181,100,L,65.32,1,P300,L001,
45100869,0030,M200032,300,BOX,123.43,1,P100,L003,
45100869,0040,M200094,1500,CS,67.28,100,P200,L003,
45100869,0050,M200060,300,HR,100.36,1,P300,L002,
45100869,0060,M200190,500,CS,147.7,1,P300,L001,
45100870,0010,M200057,200,L,49.93,100,P100,L001,
45100870,0020,M200124,50,KG,85.43,1,P100,L001,
45100871,0010,M200026,20,CS,38.56,10,P300,L001,
45100871,0020,M200138,25,L,178.79,10,P200,L001,
45100871,0030,M200089,100,EA,229.01,10,P100,L001,
45100871,0040,M200034,10,L,204.8,10,P100,L002,
45100871,0050,M200084,1500,PAL,124.91,100,P300,L003,
45100872,0010,M200039,2500,KG,600.49,1,P300,L002,
45100872,0020,M200021,3000,PAL,182.83,1,P100,L001,
45100872,0030,M200131,1500,CS,80.25,100,P100,L003,
45100872,0040,M200064,1000,CS,877.66,1,P300,L003,
45100873,0010,M200080,50,PAL,232.93,1,P400,L001,
45100873,0020,M200128,1000,CS,78.86,10,P100,L002,
45100873,0030,M200060,250,KG,158.14,1,P300,L002,
45100874,0010,M200111,750,EA,102.92,1,P300,L003,
45100874,0020,M200081,5,KG,218.56,1,P400,L002,
45100874,0030,M200081,50,EA,38.88,1,P400,L003,
45100875,0010,M200108,200,PAL,115.41,1,P300,L001,
45100875,0020,M200178,5,BOX,228.27,100,P100,L003,
45100875,0030,M200010,5,EA,20.12,1,P400,L003,
45100875,0040,M200013,25,HR,150.17,10,P100,L003,
45100876,0010,M200101,750,HR,377.99,100,P100,L002,
45100876,0020,M200122,500,HR,673.78,100,P300,L002,
45100877,0010,M200090,1500,HR,611.71,1,P400,L003,
45100877,0020,M200042,500,BOX,199.68,1,P400,L001,
45100877,0030,M200041,2000,CS,665.4,1,P300,L002,
45100877,0040,M200050,1000,BOX,348.95,1,P400,L003,
45100877,0050,M200186,2000,HR,74.46,1,P100,L002,
45100877,0060,M200134,2000,CS,546.39,1,P100,L003,
45100877,0070,M200073,1500,PAL,223.76,1,P300,L002,
45100878,0010,M200112,250,BOX,129.02,10,P400,L002,
45100878,0020,M200144,1000,L,123.11,1,P100,L002,
45100878,0030,M200111,100,EA,167.37,1,P400,L001,
45100878,0040,M200064,10,CS,126.19,10,P200,L003,
45100879,0010,M200009,1000,KG,499.87,10,P300,L001,
45100880,0010,M200123,1000,BOX,60.87,1,P100,L002,
45100880,0020,M200143,10,BOX,148.18,1,P400,L001,
45100880,0030,M200141,500,BOX,38.85,1,P200,L002,
45100881,0010,M200096,50,CS,84.59,1,P100,L002,
45100881,0020,M200009,750,PAL,180.12,100,P200,L003,
45100882,0010,M200118,250,KG,127.75,1,P300,L002,
45100883,0010,M200052,1000,CS,193.1,1,P200,L003,
45100883,0020,M200008,10,PAL,73.12,1,P200,L003,
45100883,0030,M200058,200,EA,173.06,1,P100,L002,
45100883,0040,M200145,150,HR,78.87,1,P400,L002,
45100884,0010,M200178,100,KG,25.39,100,P400,L001,
45100884,0020,M200040,1000,BOX,82.16,10,P100,L001,
45100884,0030,M200064,20,EA,56.5,1,P100,L002,
45100885,0010,M200027,100,KG,20.16,1,P100,L002,
45100886,0010,M200162,1000,KG,215.58,1,P300,L001,
45100886,0020,M200111,750,EA,135.8,1,P200,L001,
45100886,0030,M200125,250,PAL,73.83,1,P400,L003,
45100887,0010,M200098,25,CS,104.36,1,P200,L002,
45100887,0020,M200083,250,CS,202.67,1,P300,L002,
45100887,0030,M200038,1000,KG,244.28,100,P200,L002,
45100887,0040,M200101,750,KG,18.09,10,P200,L002,
45100887,0050,M200094,25,EA,235.78,1,P100,L003,
45100888,0010,M200162,1000,PAL,30.89,1,P100,L003,
45100888,0020,M200172,150,PAL,2.1,1,P100,L002,
45100889,0010,M200024,250,CS,142.18,1,P100,L003,
45100890,0010,M200188,1500,L,237.03,100,P200,L002,
45100890,0020,M200105,250,PAL,167.44,1,P300,L001,
45100890,0030,M200057,10,L,70.59,1,P100,L003,
45100891,0010,M200144,10,HR,78.36,1,P100,L003,
45100891,0020,M200041,500,L,29.4,100,P100,L002,
45100891,0030,M200010,100,PAL,103.81,100,P300,L001,
45100891,0040,M200099,10,BOX,74.33,100,P400,L003,
45100891,0050,M200006,10,KG,66.04,1,P400,L002,
45100891,0060,M200033,20,CS,114.7,10,P300,L001,
45100892,0010,M200057,1500,KG,248.29,10,P300,L002,
45100892,0020,M200149,2000,PAL,242.41,10,P100,L003,
45100892,0030,M200064,10,PAL,177.15,10,P300,L001,
45100892,0040,M200162,50,BOX,18.17,10,P100,L001,
45100893,0010,M200116,25,L,235.11,100,P100,L002,
45100893,0020,M200102,10,KG,171.52,1,P100,L001,
45100893,0030,M200155,500,BOX,83.41,10,P100,L001,
45100894,0010,M200100,5,L,15.83,10,P300,L003,
45100894,0020,M200154,2000,L,140.58,100,P300,L003,
45100894,0030,M200018,5,BOX,224.6,1,P400,L001,X
45100895,0010,M200117,500,CS,53.34,10,P400,L001,
45100895,0020,M200081,750,PAL,313.45,1,P100,L002,
45100895,0030,M200029,2500,EA,140.62,10,P100,L001,
45100895,0040,M200007,1000,KG,128.9,1,P100,L002,
45100896,0010,M200115,25,L,58.47,100,P300,L003,
45100896,0020,M200105,2000,HR,85.94,1,P200,L003,
45100897,0010,M200175,1500,EA,53.17,1,P300,L001,
45100898,0010,M200194,50,EA,154.49,100,P200,L002,
45100898,0020,M200090,750,KG,96.79,1,P400,L003,
45100898,0030,M200061,200,EA,54.51,100,P300,L002,
45100898,0040,M200040,250,L,124.08,1,P200,L003,
45100898,0050,M200090,250,CS,94.34,1,P200,L003,
45100898,0060,M200123,1000,HR,97.31,10,P100,L002,
45100899,0010,M200062,300,L,50.59,1,P400,L003,
45100899,0020,M200009,5,BOX,91.64,100,P100,L002,
45100900,0010,M200119,20,PAL,30.05,1,P400,L001,
45100900,0020,M200101,1000,HR,147.07,100,P200,L002,
45100901,0010,M200103,1500,KG,148.34,100,P400,L001,
45100901,0020,M200076,500,HR,161.65,1,P400,L001,
45100902,0010,M200184,50,KG,165.52,10,P100,L003,
45100902,0020,M200102,750,BOX,146.01,1,P300,L002,
45100902,0030,M200167,100,EA,6.45,1,P400,L001,X
45100903,0010,M200029,1000,HR,187.59,1,P300,L002,
45100903,0020,M200019,300,CS,115.19,100,P300,L002,
45100903,0030,M200192,500,PAL,128.81,1,P100,L001,X
45100903,0040,M200173,250,HR,128.24,1,P300,L003,
45100904,0010,M200160,1000,EA,170.26,100,P400,L002,
45100904,0020,M200173,10,KG,15.81,1,P100,L002,
45100904,0030,M200120,25,HR,157.22,10,P300,L002,
45100904,0040,M200018,20,PAL,32.05,1,P200,L001,X
45100904,0050,M200055,10,CS,131.8,10,P300,L001,
45100905,0010,M200162,500,HR,239.84,1,P200,L002,
45100905,0020,M200030,750,HR,420.91,10,P200,L002,
45100906,0010,M200017,1500,BOX,115.88,1,P100,L001,
45100906,0020,M200148,10,HR,178.4,1,P200,L002,
45100906,0030,M200137,2000,KG,221.77,10,P400,L001,
45100907,0010,M200062,300,BOX,65.38,100,P300,L001,
45100907,0020,M200081,2000,KG,153.92,1,P300,L002,
45100907,0030,M200072,25,CS,200.46,10,P400,L003,
45100907,0040,M200030,50,EA,195.9,1,P200,L001,
45100907,0050,M200007,750,PAL,130.17,1,P400,L002,
45100907,0060,M200086,750,L,87.26,1,P400,L003,
45100907,0070,M200200,250,BOX,119.99,100,P100,L001,
45100908,0010,M200177,5,KG,178.45,1,P400,L001,
45100908,0020,M200030,20,BOX,221.64,10,P400,L003,X
45100908,0030,M200038,100,KG,127.43,1,P100,L001,
45100909,0010,M200159,300,PAL,237.87,10,P200,L003,
45100910,0010,M200147,300,KG,207.73,10,P300,L002,
45100910,0020,M200165,20,CS,64.09,10,P300,L003,
45100911,0010,M200173,1500,KG,868.7,1,P200,L003,
45100911,0020,M200038,1500,L,864.17,10,P100,L001,
45100912,0010,M200075,1500,HR,40.51,1,P100,L001,
45100912,0020,M200093,25,BOX,8.5,100,P200,L003,
45100912,0030,M200161,500,L,139.88,100,P400,L001,
45100913,0010,M200044,10,CS,10.31,10,P200,L001,
45100914,0010,M200184,100,BOX,190.74,1,P300,L001,
45100914,0020,M200121,5,KG,16.48,10,P100,L003,
45100915,0010,M200065,500,CS,17.8,1,P400,L003,
45100915,0020,M200196,500,KG,99.19,1,P200,L003,
45100916,0010,M200085,500,EA,177.49,1,P300,L001,X
45100917,0010,M200078,250,HR,192.26,1,P200,L002,
45100917,0020,M200054,5,HR,3.71,10,P100,L002,
45100917,0030,M200062,5,L,38.81,100,P200,L001,
45100917,0040,M200049,50,HR,170.86,1,P200,L002,
45100918,0010,M200030,1000,BOX,143.5,100,P100,L003,
45100918,0020,M200107,150,HR,55.67,10,P400,L003,
45100919,0010,M200187,50,HR,2.81,1,P100,L002,
45100919,0020,M200065,5,EA,97.69,10,P400,L002,
45100919,0030,M200002,500,EA,136.88,1,P300,L003,X
45100919,0040,M200085,500,HR,24.2,10,P300,L001,
45100920,0010,M200178,250,KG,1.4,1,P300,L001,
45100920,0020,M200002,1500,L,5.03,100,P400,L003,
45100920,0030,M200181,10,BOX,182.84,1,P100,L002,
45100921,0010,M200096,750,KG,61.51,1,P200,L003,
45100922,0010,M200013,250,L,209.44,1,P400,L003,
45100922,0020,M200078,100,KG,230.35,1,P300,L002,
45100923,0010,M200088,1500,HR,169.25,100,P300,L001,
45100923,0020,M200023,2000,EA,82.74,1,P300,L002,
45100924,0010,M200047,200,BOX,176.18,100,P200,L002,
45100924,0020,M200022,50,BOX,133.12,1,P200,L001,
45100924,0030,M200092,2000,CS,133.64,100,P100,L003,
45100924,0040,M200121,1500,EA,136.12,1,P300,L001,
45100924,0050,M200057,750,L,82.45,1,P300,L003,
45100925,0010,M200189,1500,CS,529.0,1,P400,L002,
45100925,0020,M200023,1500,EA,210.11,100,P200,L001,
45100926,0010,M200120,20,BOX,110.82,1,P300,L003,
45100926,0020,M200100,250,EA,142.71,1,P400,L001,
45100926,0030,M200028,500,L,232.13,1,P200,L001,
45100927,0010,M200182,300,PAL,194.32,1,P100,L003,
45100927,0020,M200118,500,BOX,187.21,1,P200,L001,
45100927,0030,M200127,150,L,225.67,1,P200,L003,
45100927,0040,M200155,500,CS,120.05,100,P200,L002,
45100927,0050,M200085,150,HR,233.79,1,P200,L003,
45100928,0010,M200133,100,HR,220.69,1,P300,L003,
45100929,0010,M200158,150,PAL,128.38,1,P300,L001,
45100929,0020,M200120,750,BOX,61.06,100,P100,L003,X
45100929,0030,M200061,300,BOX,71.5,100,P300,L002,
45100930,0010,M200165,50,HR,217.45,1,P300,L001,
45100931,0010,M200104,2500,PAL,754.09,10,P200,L002,
45100931,0020,M200088,3000,L,247.42,10,P300,L003,
45100931,0030,M200101,1000,EA,730.28,1,P300,L003,
45100931,0040,M200132,1000,KG,569.54,100,P100,L002,
45100931,0050,M200181,1000,CS,871.21,100,P300,L002,
45100931,0060,M200058,2500,HR,330.39,100,P100,L002,
45100932,0010,M200056,500,L,10.22,1,P100,L002,
45100932,0020,M200026,500,CS,210.13,10,P400,L001,
45100932,0030,M200176,1500,HR,48.73,1,P100,L002,
45100933,0010,M200150,20,KG,48.09,100,P300,L002,X
45100933,0020,M200049,300,BOX,147.17,1,P200,L003,
45100933,0030,M200197,750,EA,47.23,1,P200,L003,
45100933,0040,M200081,20,KG,114.92,1,P300,L001,
45100933,0050,M200116,50,KG,148.76,1,P200,L001,
45100933,0060,M200063,200,L,122.08,1,P400,L003,
45100933,0070,M200009,25,PAL,177.74,1,P300,L002,
45100934,0010,M200011,5,KG,10.72,1,P400,L002,
45100934,0020,M200108,50,L,234.29,1,P300,L002,
45100934,0030,M200029,20,CS,27.39,100,P200,L003,
45100935,0010,M200038,500,BOX,183.24,1,P400,L002,X
45100935,0020,M200189,10,BOX,226.58,1,P200,L003,
45100935,0030,M200168,500,HR,7.09,10,P300,L002,
45100935,0040,M200178,25,L,167.96,1,P300,L002,
45100935,0050,M200088,100,PAL,13.24,10,P200,L003,
45100936,0010,M200128,3000,BOX,508.09,1,P200,L001,
45100936,0020,M200125,2000,BOX,888.24,100,P100,L002,
45100936,0030,M200106,2500,EA,491.62,1,P400,L003,
45100937,0010,M200037,2000,BOX,232.32,1,P200,L003,
45100938,0010,M200114,1500,L,625.05,1,P400,L003,X
45100939,0010,M200119,2000,EA,180.46,1,P100,L001,X
45100939,0020,M200054,1500,PAL,52.59,1,P100,L002,
45100939,0030,M200122,2000,KG,29.07,1,P100,L003,
45100939,0040,M200176,1000,KG,171.72,1,P100,L003,
45100939,0050,M200148,1000,BOX,162.38,1,P100,L001,
45100940,0010,M200123,20,EA,43.75,10,P100,L001,
45100940,0020,M200033,250,KG,58.68,10,P400,L003,
45100940,0030,M200117,5,CS,79.23,100,P300,L002,
45100940,0040,M200138,1000,BOX,42.05,100,P200,L001,
45100941,0010,M200178,250,HR,207.73,1,P100,L001,
45100941,0020,M200148,5,PAL,225.43,1,P400,L003,
45100941,0030,M200129,100,PAL,34.77,1,P400,L002,X
45100942,0010,M200178,5,CS,161.86,1,P400,L001,
45100942,0020,M200066,100,CS,44.63,10,P200,L002,
45100943,0010,M200121,250,BOX,226.58,1,P100,L002,X
45100943,0020,M200179,300,HR,68.51,1,P400,L002,
45100944,0010,M200112,20,EA,226.27,100,P400,L001,
45100944,0020,M200040,250,BOX,15.79,100,P200,L003,
45100944,0030,M200038,500,BOX,180.03,10,P300,L001,
45100944,0040,M200001,25,L,216.49,1,P400,L001,
45100944,0050,M200187,150,HR,135.92,1,P200,L001,
45100944,0060,M200165,150,BOX,76.75,10,P300,L003,
45100944,0070,M200120,250,PAL,48.13,1,P200,L002,
45100945,0010,M200061,500,L,171.58,1,P400,L001,
45100945,0020,M200155,300,EA,139.31,1,P100,L003,
45100945,0030,M200180,200,EA,0.79,100,P400,L002,
45100945,0040,M200027,20,L,10.33,10,P100,L003,
45100946,0010,M200074,50,EA,56.91,10,P300,L003,
45100946,0020,M200098,750,BOX,38.34,1,P400,L001,
45100946,0030,M200084,10,EA,9.23,100,P100,L001,
45100946,0040,M200014,10,CS,124.34,1,P100,L003,
45100947,0010,M200039,500,L,72.62,10,P200,L003,
45100947,0020,M200161,750,KG,170.83,1,P100,L001,X
45100947,0030,M200173,300,KG,225.35,10,P300,L003,
45100947,0040,M200122,500,L,115.45,1,P200,L003,
45100947,0050,M200153,750,CS,246.95,1,P300,L001,
45100948,0010,M200174,300,HR,191.01,1,P200,L001,
45100948,0020,M200104,10,L,87.63,1,P400,L002,X
45100948,0030,M200175,100,CS,23.68,1,P200,L002,
45100949,0010,M200197,1500,KG,111.31,10,P400,L003,
45100949,0020,M200176,200,PAL,95.14,1,P400,L001,
45100949,0030,M200082,200,L,191.82,10,P300,L003,
45100949,0040,M200093,50,PAL,154.04,10,P100,L002,
45100950,0010,M200132,25,EA,239.02,1,P400,L001,
45100951,0010,M200092,500,BOX,275.7,100,P400,L001,
45100952,0010,M200063,20,L,243.52,100,P100,L001,
45100952,0020,M200024,5,HR,227.81,100,P300,L003,
45100952,0030,M200137,150,L,169.52,100,P300,L003,
45100952,0040,M200043,25,EA,89.56,100,P400,L001,
45100953,0010,M200169,750,BOX,173.76,1,P100,L001,
45100953,0020,M200038,1500,HR,104.94,1,P300,L003,
45100954,0010,M200035,100,EA,212.96,1,P200,L003,
45100954,0020,M200124,250,CS,216.18,100,P200,L001,
45100954,0030,M200073,500,BOX,64.22,100,P300,L002,
45100955,0010,M200045,500,PAL,845.15,10,P300,L003,
45100955,0020,M200047,1500,EA,415.31,1,P400,L002,
45100955,0030,M200070,3000,L,172.45,1,P400,L002,
45100955,0040,M200110,2500,PAL,477.93,100,P400,L003,
45100955,0050,M200135,1000,BOX,331.05,1,P300,L002,
45100956,0010,M200061,5,L,29.33,100,P200,L003,
45100956,0020,M200178,150,KG,248.68,1,P300,L003,
45100957,0010,M200086,10,HR,246.97,100,P200,L002,
45100957,0020,M200064,300,PAL,7.29,1,P300,L003,
45100957,0030,M200076,300,BOX,60.98,1,P400,L001,
45100957,0040,M200018,150,L,138.82,10,P200,L003,
45100958,0010,M200016,200,CS,7.54,10,P300,L003,
45100958,0020,M200008,100,CS,241.97,1,P400,L001,
45100958,0030,M200034,500,BOX,230.99,1,P200,L001,
45100958,0040,M200113,20,HR,202.2,10,P100,L003,
45100959,0010,M200073,200,L,218.12,1,P400,L001,
45100959,0020,M200027,500,KG,19.59,100,P100,L002,
45100959,0030,M200048,2000,PAL,122.32,1,P400,L002,
45100960,0010,M200077,300,L,215.51,1,P400,L002,
45100960,0020,M200111,750,L,208.43,1,P100,L001,
45100961,0010,M200134,100,KG,35.31,1,P400,L002,
45100961,0020,M200081,300,CS,68.49,100,P300,L001,
45100961,0030,M200041,1500,HR,133.39,1,P400,L001,
45100961,0040,M200012,10,KG,167.63,1,P400,L001,
45100962,0010,M200043,750,KG,40.26,1,P200,L002,
45100962,0020,M200134,50,BOX,32.13,10,P400,L003,
45100962,0030,M200110,750,PAL,166.02,1,P200,L002,
45100962,0040,M200119,150,HR,245.4,1,P200,L001,
45100962,0050,M200124,250,BOX,57.01,1,P400,L001,
45100963,0010,M200047,750,HR,243.42,1,P300,L003,
45100963,0020,M200123,750,KG,807.1,1,P200,L002,
45100963,0030,M200183,1000,CS,97.54,1,P300,L003,
45100964,0010,M200056,20,EA,194.1,1,P200,L001,
45100964,0020,M200115,50,EA,177.44,1,P100,L003,
45100964,0030,M200085,100,L,72.94,10,P200,L003,
45100965,0010,M200118,5,HR,73.65,1,P400,L002,
45100965,0020,M200138,10,CS,90.24,100,P400,L003,
45100965,0030,M200074,1500,BOX,161.41,1,P400,L002,
45100965,0040,M200003,50,L,128.97,1,P400,L002,
45100965,0050,M200054,750,KG,44.99,1,P200,L002,
45100966,0010,M200137,2000,BOX,172.52,1,P100,L003,
45100966,0020,M200042,500,KG,153.93,1,P300,L001,
45100966,0030,M200009,150,BOX,6.5,100,P300,L001,
45100966,0040,M200033,5,HR,56.73,1,P100,L003,
45100967,0010,M200130,10,BOX,216.85,10,P200,L003,
45100967,0020,M200092,250,BOX,156.33,1,P100,L001,
45100967,0030,M200005,100,EA,204.74,1,P400,L002,
45100967,0040,M200051,150,L,114.87,1,P400,L002,
45100968,0010,M200019,2000,L,95.55,100,P400,L003,
45100968,0020,M200119,2000,HR,145.55,1,P300,L002,
45100968,0030,M200088,300,PAL,93.03,1,P100,L002,
45100968,0040,M200167,750,KG,157.48,1,P100,L002,
45100969,0010,M200074,250,EA,56.45,1,P200,L003,
45100969,0020,M200190,500,CS,224.27,1,P100,L002,
45100969,0030,M200199,500,PAL,244.14,1,P100,L002,
45100969,0040,M200025,10,CS,152.76,1,P100,L002,
45100969,0050,M200096,50,BOX,177.78,1,P200,L001,
45100969,0060,M200011,1000,CS,166.37,10,P400,L003,
45100970,0010,M200007,750,PAL,193.77,1,P300,L001,
45100971,0010,M200175,25,CS,43.49,1,P200,L003,
45100972,0010,M200074,750,EA,175.71,100,P200,L002,
45100972,0020,M200165,1000,CS,196.6,100,P300,L001,
45100972,0030,M200184,1500,EA,138.14,1,P300,L003,
45100973,0010,M200123,100,PAL,145.96,1,P100,L002,
45100973,0020,M200123,2000,PAL,63.59,1,P200,L001,
45100974,0010,M200023,2000,PAL,148.79,1,P200,L002,
45100974,0020,M200187,50,KG,200.36,1,P400,L001,
45100974,0030,M200154,500,CS,156.04,1,P400,L002,
45100974,0040,M200023,200,KG,60.18,1,P100,L001,
45100975,0010,M200159,2000,EA,174.1,1,P100,L001,X
45100975,0020,M200075,1500,PAL,76.68,1,P200,L003,
45100975,0030,M200155,250,EA,136.49,100,P100,L003,
45100975,0040,M200106,1000,L,90.44,1,P100,L003,
45100976,0010,M200152,250,EA,38.94,1,P200,L002,
45100976,0020,M200144,1500,HR,174.2,1,P400,L001,
45100976,0030,M200111,500,CS,99.97,1,P300,L003,
45100977,0010,M200124,5,EA,214.64,1,P100,L003,
45100977,0020,M200130,1000,CS,120.04,1,P300,L001,
45100977,0030,M200185,1000,KG,40.14,1,P300,L002,
45100977,0040,M200111,200,EA,19.61,100,P400,L002,
45100978,0010,M200127,100,BOX,187.91,1,P300,L003,
45100978,0020,M200118,25,KG,19.27,10,P200,L001,
45100978,0030,M200051,200,HR,239.94,100,P100,L001,
45100979,0010,M200191,5,CS,79.21,10,P100,L001,
45100979,0020,M200147,150,PAL,215.0,1,P100,L002,
45100979,0030,M200119,5,EA,86.67,100,P300,L002,
45100979,0040,M200102,500,BOX,151.35,1,P200,L001,
45100980,0010,M200127,2000,EA,629.01,1,P100,L003,
45100981,0010,M200071,5,HR,140.08,1,P200,L001,
45100981,0020,M200056,5,CS,199.87,10,P300,L003,
45100981,0030,M200076,2000,L,174.11,100,P200,L003,
45100981,0040,M200044,200,KG,84.1,1,P400,L001,
45100981,0050,M200084,1500,PAL,173.27,1,P300,L003,
45100982,0010,M200029,300,KG,192.44,100,P400,L001,
45100982,0020,M200080,1500,PAL,41.69,1,P400,L002,
45100982,0030,M200053,750,PAL,122.52,10,P200,L001,
45100983,0010,M200009,750,L,59.23,1,P400,L002,
45100983,0020,M200106,2000,BOX,199.99,100,P400,L003,
45100983,0030,M200183,10,L,98.53,10,P100,L001,X
45100984,0010,M200118,100,L,222.62,100,P400,L002,
45100985,0010,M200092,50,PAL,1.72,1,P100,L003,
45100986,0010,M200021,200,L,44.98,1,P300,L003,
45100986,0020,M200098,10,EA,103.81,10,P100,L001,
45100986,0030,M200008,25,CS,219.42,1,P100,L003,
45100987,0010,M200192,1000,EA,83.55,1,P300,L002,
45100987,0020,M200067,750,KG,99.86,1,P400,L003,
45100987,0030,M200200,25,CS,125.21,1,P300,L001,
45100988,0010,M200174,500,L,171.65,1,P300,L003,
45100989,0010,M200109,5,EA,58.1,1,P100,L001,
45100989,0020,M200106,20,HR,38.47,1,P200,L003,
45100990,0010,M200069,20,HR,172.77,10,P200,L002,
45100990,0020,M200060,100,PAL,164.7,1,P300,L003,
45100990,0030,M200006,300,CS,48.82,1,P100,L002,
45100990,0040,M200093,250,EA,28.82,1,P400,L003,
45100991,0010,M200193,5,CS,60.52,100,P300,L003,
45100991,0020,M200191,1500,BOX,116.12,1,P400,L001,
45100991,0030,M200147,750,L,165.36,1,P100,L002,
45100991,0040,M200153,50,L,71.63,10,P400,L003,
45100992,0010,M200022,1000,HR,174.33,1,P400,L001,
45100992,0020,M200044,5,PAL,241.82,1,P400,L003,
45100993,0010,M200184,10,CS,162.27,10,P200,L002,
45100993,0020,M200149,1000,HR,71.5,1,P200,L001,
45100994,0010,M200105,25,HR,137.93,1,P400,L002,
45100994,0020,M200132,200,PAL,179.75,1,P100,L001,
45100994,0030,M200120,10,PAL,31.8,100,P300,L003,
45100994,0040,M200115,10,BOX,184.55,1,P100,L002,
45100994,0050,M200200,50,PAL,140.08,1,P300,L001,
45100995,0010,M200063,750,L,87.98,1,P200,L003,
45100996,0010,M200137,200,CS,178.38,10,P400,L003,
45100996,0020,M200032,25,HR,12.55,1,P400,L002,
45100996,0030,M200164,750,BOX,118.35,1,P300,L003,
45100996,0040,M200187,10,HR,209.03,10,P100,L003,
45100997,0010,M200072,2000,EA,180.52,1,P400,L003,
45100998,0010,M200107,10,EA,75.52,10,P300,L002,
45100998,0020,M200167,10,EA,249.84,100,P200,L001,
45100998,0030,M200118,1000,L,76.21,1,P400,L001,
45100998,0040,M200198,250,HR,229.35,1,P200,L001,
45100999,0010,M200124,250,L,168.84,10,P400,L001,
45100999,0020,M200144,2000,PAL,30.69,1,P300,L001,
45100999,0030,M200025,10,KG,187.87,100,P100,L003,
45101000,0010,M200104,300,BOX,242.91,1,P400,L003,
45101000,0020,M200187,20,EA,135.52,1,P200,L003,
